k0_dwell,k0_flight,k1_dwell,k1_flight,k2_dwell,k2_flight,k3_dwell,k3_flight,k4_dwell,k4_flight,k5_dwell,k5_flight,k6_dwell,k6_flight,k7_dwell,k7_flight,k8_dwell,k8_flight,k9_dwell,k9_flight,k10_dwell,k10_flight,k11_dwell,k11_flight,k12_dwell,k12_flight,k13_dwell,k13_flight,k14_dwell,k14_flight,k15_dwell,k15_flight,k16_dwell,k16_flight,k17_dwell,k17_flight,k18_dwell,k18_flight,k19_dwell,k19_flight
0.28464401931427114,0.18332751849342135,0.23783378599934626,0.22615900332977115,0.16045574731777587,0.25761438369603795,0.15801202728520458,0.25197866190724927,0.3640798252690325,0.060433317760692135,0.21632627977839972,0.25424614002193446,0.19406746935615304,0.41439375928853944,0.20455861969389189,0.24058837152076087,0.23321648446484256,0.3066900562588373,0.16326382911927773,0.3073180992399881,0.22793993901013132,0.37962708698047365,0.12444937591675279,0.26604025185579877,0.13565064044163064,0.3151333353907597,0.09793461654094976,0.1757993235148289,0.13807906100661885,0.21119090881476832,0.24395339578437386,0.5929515054892482,0.17655257439583832,0.058662359699144295,0.13939295679610503,0.2097010225906617,0.21665244500512967,0.3826152140826607,0.16296831939692286,0.29543589547454335
0.24381897911656417,0.283060389895198,0.12836641206809124,0.35117033030225353,0.21021900024079412,0.3997879906972435,0.13803261343383544,0.2736938673326732,0.186384591147338,0.4180122894210463,0.1759531914612777,0.23081409911020906,0.2071496265526225,0.26567800544122294,0.1622888379353916,0.29451273787335275,0.2830772206434252,0.19113631212708762,0.3026321071300642,0.23958320585040752,0.1459993883052248,0.39045587474576826,0.1454557538299439,0.25962006213283545,0.19630220848293706,0.20292957042978105,0.2327300705850444,0.43438580772553703,0.20759018741631124,0.21551323714736392,0.1759805756853211,0.25252004532554695,0.15055002426298222,0.24583490269733901,0.25495439644694307,0.3297757844437726,0.30979063080904784,0.3739616563685119,0.17032154289305787,0.30178896733702093
0.21151207765213198,0.30258971542486923,0.13110734370118904,0.3846733553457194,0.26310847043411606,0.25786883891162354,0.2547633431692646,0.3768347106750909,0.2149360731265879,0.4742768537914536,0.2299942874151916,0.35353262642477346,0.19361256364740506,0.25161984562832895,0.20572851450354845,0.06567294556690306,0.16874550298483543,0.3305582995235803,0.3056801654712515,0.4597804519372545,0.2136454739202565,0.2519894325257972,0.24276055265055443,0.45608349332068776,0.2084537766794556,0.11071580182267193,0.2931428895769219,0.2473822280978814,0.2135749370536957,0.5633279615121356,0.248979385587869,0.27032304980324184,0.12017864267747368,0.11932071929896623,0.1873714473207715,0.2827921118112357,0.2030909754040064,0.38640265284754716,0.1685846660217111,0.38803269934785917
0.21717318446807812,0.29760745447501585,0.13908034995617918,0.2451676897882208,0.1898966153629842,0.22104464681742791,0.20245428407060118,0.32485931314912964,0.24106579703098546,0.2961986668315862,0.309623645787033,0.0,0.2068735566399392,0.3035178374413379,0.24428720318820407,0.2852680102406706,0.2512194200662475,0.3113653329117587,0.2054730507832806,0.2851622225810284,0.16813260530243257,0.28741905933430717,0.2543347898788969,0.18919960634777772,0.155960773039607,0.38394657726065484,0.19826439545256488,0.32934919228837806,0.14359026130369096,0.3310500488939844,0.23820123139118127,0.2584247244718803,0.2753366486336762,0.2783729023568374,0.2609035080678692,0.43160987953804336,0.16928532084177375,0.15339000589374036,0.15169878340556103,0.37969135277817684
0.1285585464932556,0.3249231215565955,0.17803495262534105,0.23604111986324736,0.20242573269563643,0.5083778297755488,0.19600597848606252,0.32703613931982084,0.21264484355246158,0.16225884479473815,0.16259625986891849,0.11192016200660845,0.2540435188542405,0.19524482602571064,0.13882141582194746,0.3127124487244942,0.18554627848059838,0.24511516937124914,0.15320072171134405,0.4078960778132293,0.13619138904246358,0.21341245764585126,0.20481677913155036,0.37465519578511475,0.1681914952316039,0.22256198708561126,0.2129735226967379,0.36331435832401754,0.06723617523805708,0.3886130488109849,0.2072408512626238,0.4462386340609147,0.265703321459747,0.17999830353766694,0.1124588804878862,0.34766669390711274,0.15956703082014415,0.15010248117985822,0.22372716107346213,0.28887278355434637
0.2592162076608465,0.14739524708067467,0.3025591467246787,0.4073254935668531,0.20162393614507654,0.2774046970796532,0.23687423624927528,0.3132312513334746,0.20844594410020667,0.43870344054452104,0.11385613476690075,0.31253548463633646,0.26962946538648735,0.11519640572178119,0.22717170853188756,0.4288298116957905,0.17846129965992563,0.2384881406313765,0.2087874255598664,0.3186504967974071,0.1156294478714812,0.2525808537808034,0.17609601585779908,0.1209701698123633,0.1691771376887479,0.17722833586103742,0.21363806924839773,0.15758798412992267,0.1841270145783254,0.2902779096713257,0.16388757671025872,0.29145336890573803,0.14025453495308096,0.423408165411276,0.21338760568295148,0.298301310194376,0.23297292459685182,0.3411883429957089,0.18963303983419733,0.24228064259334908
0.20002043996062233,0.3152453461795786,0.26370085253447184,0.4671102965162572,0.18703737265766612,0.12746475534476062,0.13839336698803223,0.2254660767043688,0.033672333059710235,0.44225824763385546,0.2568726765222203,0.30544434635333206,0.15754884789956264,0.3477862932015471,0.17099616625809977,0.27525838753123083,0.20313858236310284,0.25049431390259547,0.18018462583873932,0.35961600296078294,0.22141080996057927,0.41124203237271134,0.24581643576227763,0.31536765053893284,0.17034480259646906,0.3856371482809918,0.17301494890422667,0.30657286832599984,0.229048231663675,0.24239655410215774,0.22180712962915705,0.06361682773223232,0.2069402491769195,0.28740696208526134,0.1532508646300833,0.2133126950737203,0.16995328148578606,0.32246989172446544,0.19682848527299524,0.27218096524927
0.21256904620834582,0.3730753983457594,0.23087899757518246,0.2513741557308325,0.16436539491128824,0.26492928952331335,0.23105461470343913,0.280375145324329,0.25550825340111255,0.09261387959197215,0.29044425032724547,0.34856941083603815,0.17915600220138317,0.32175949751907285,0.26002039936604693,0.24350583204071055,0.2040144848612737,0.2644259867724419,0.1958943116277777,0.12628227885868784,0.21229986401845655,0.27555399662566665,0.2663430063226282,0.13143949749207995,0.21243954149694394,0.37439841599810253,0.23072198481026845,0.25129654436261367,0.153666918086037,0.35203834962013797,0.16570960740527188,0.309682330332214,0.24423357912132573,0.39099554570395467,0.1586578875556546,0.19907953756838048,0.3510590304064239,0.3514132278042599,0.2736926706287576,0.29731195089716705
0.1420096647638599,0.43651225553264517,0.18644218188126427,0.26117035450749426,0.19070211379456412,0.2821792728774922,0.26140127003853986,0.3062201840648477,0.2779723048447921,0.40471486180073296,0.22695538892906847,0.16776350988561134,0.19435180770990815,0.24210296184115032,0.24654417218564448,0.28103667037096797,0.2685956496813933,0.2789093091151894,0.21418630180278508,0.30211157184210685,0.18977592813556216,0.38278441748040953,0.21296358643099758,0.37746726113091106,0.21153226033991154,0.317547722387688,0.2981758073934015,0.20949037720632208,0.22629237997152868,0.4970212931703712,0.13371579509454054,0.2369523435695534,0.24470734516732584,0.3131234122884836,0.1610786326743845,0.15513214061297764,0.20839057058108065,0.4355632951682197,0.17146554969479189,0.30708677405204365
0.2212289116250336,0.22197502748460235,0.20723890011278995,0.19489342750269037,0.2859870321582831,0.1693927602119259,0.2694532261077434,0.2818173946573619,0.21208782791082945,0.3430921115866268,0.25023748027052184,0.07702347231515899,0.193634763903328,0.3234958139247804,0.10339656281415029,0.14385160619532283,0.22398649277057775,0.31863359401501495,0.2561870888917112,0.2687490881323216,0.149337350819515,0.31640339412714,0.21096599266270943,0.26258626938213486,0.19539867958117027,0.3330860418567572,0.19833224131990201,0.2647737314197399,0.18563789466049424,0.2100339143068734,0.19112746199846578,0.3329787168303942,0.19622064085643415,0.3221181039407996,0.24489755006994984,0.29798415632400793,0.17367476267079715,0.2968889853699165,0.1853873003737474,0.2431392501055238
0.23829416408308607,0.17998695557835054,0.24770165978000996,0.18099783344759707,0.14773187257271947,0.2236799080100081,0.18231502688998277,0.297089174003726,0.25388346779255055,0.3925236768213467,0.182005997644624,0.2064504078823906,0.23296406753527388,0.3337469099043963,0.19000128221571788,0.30456029062660334,0.29094280783068976,0.3967025973777086,0.2056473482781121,0.43563412567208926,0.19658839290355576,0.17330029083756618,0.092252534474053,0.30709584308522064,0.1831391681212401,0.29952431412158703,0.23805006461251815,0.2321631418697931,0.18314226889226382,0.0712563535833532,0.298341425925473,0.3324490527035217,0.16901869509225997,0.3207743379011959,0.15628395887796642,0.26114099701993737,0.13988277092552,0.31602208304321866,0.20136786446374114,0.39624713859966165
0.2084160061433174,0.380253871261401,0.22201313707601872,0.44673513361825534,0.19568440986323835,0.2533199143643108,0.11919439251486398,0.21840823973481988,0.25924944039624204,0.28486696613315604,0.25222258369993206,0.14694733481670041,0.14155851792262691,0.26296465249759826,0.09490470233971,0.5489589216093282,0.20732335315100553,0.2153621402662026,0.23281318145144733,0.3071024084270998,0.13558655085638985,0.1415312065425734,0.2233582614100791,0.17749564772247728,0.11625241167815474,0.19760311247172563,0.22658324968034146,0.2192862326863152,0.15577167393121402,0.2584545259097147,0.1216636269550523,0.2739827724448196,0.2602855010664591,0.23853421328552313,0.20318965652468274,0.29665491059071886,0.1782296246810878,0.4110767023445196,0.1814955536722024,0.3874581791071447
0.13086338509207684,0.34627141504993697,0.2234797920521743,0.5470033712082043,0.1374872167260192,0.23448536511059948,0.05238933830328496,0.37978504294771787,0.17653929155799994,0.4287696500427603,0.17754386346935416,0.1706746555358921,0.23773641903169757,0.5174327624481088,0.20908135031270386,0.3798719626790827,0.09702418651360023,0.31548825454423757,0.20131704797044192,0.39751319561851456,0.15652132192610277,0.33096212995338053,0.16061334230500893,0.3191351869821646,0.23313382480737505,0.3264439031795495,0.27893108166777736,0.22999707723622215,0.17192835450810562,0.13894519649839662,0.2300679105463595,0.2638129640252656,0.19373966639767026,0.3146926030365611,0.18120129810990077,0.2850949666590481,0.22469325916140725,0.4364386968739721,0.22740596440480626,0.4338878774160014
0.16997991868641443,0.3076269659010879,0.18368765259480466,0.1752659006199882,0.2573287484257561,0.08328162411446852,0.11081351183156513,0.06749013225373204,0.12572397540861513,0.5307125037861922,0.2942185302711767,0.18713380464133372,0.26013714130966464,0.20028825322001043,0.145137683128718,0.296104673218894,0.17393274776621334,0.34099747923620144,0.3127598570443183,0.28524798789681227,0.2479099393150378,0.29775861683310395,0.2039359061933409,0.2519187342135305,0.18304369264068174,0.4365800690482655,0.2650344052108913,0.32203458383367173,0.18619352777432452,0.22503277302366334,0.2191603959238118,0.4499071671237202,0.2091037520771437,0.19839303525954136,0.20619992347222577,0.2594970196311414,0.1776903264730792,0.20471821614806424,0.21660646916081078,0.43560406465088697
0.15725990758944636,0.47741561822903594,0.16747501365465453,0.3055007205853227,0.2357321230245572,0.1724061806125992,0.2797527592853249,0.38377483731525164,0.2130164421184051,0.35617638384879075,0.22923290187198997,0.3470217161972883,0.23188166015545494,0.42672422675545885,0.28608891614529863,0.10985394549398073,0.2686922653666799,0.4645874505370039,0.14892414604636292,0.3046248671716095,0.20725068437910268,0.30135414728349824,0.06364805141351768,0.18275330758734593,0.29431921236034403,0.2716979780179081,0.12203285678136158,0.3256411636103781,0.10468489116297539,0.22499773995956068,0.2608195766423781,0.20828370510616978,0.23731313754347486,0.3403903103070788,0.17492545490595546,0.3754212574490908,0.233779551820812,0.20462145235418455,0.22196900473226983,0.3270690553581178
0.2545138519307324,0.42132500967088915,0.17668978040344197,0.3121819621530529,0.23236716477267455,0.45170161664704483,0.2515695391227011,0.31184733106799317,0.236349084385869,0.48495574910800376,0.22276038651890118,0.2815890406386967,0.26948385861982954,0.3107626153014018,0.2296473592560829,0.1675528247519336,0.1557700045862426,0.4230145381640634,0.2057317428898902,0.19888352575030122,0.10456357636596508,0.19294255167963842,0.18910739952022243,0.14590265434269872,0.2507958562250166,0.34002864680072176,0.22292501252792193,0.3824281131269173,0.18652050471600526,0.41237985320669324,0.1875054750071,0.3928979605153514,0.22712231452058199,0.10319057138527363,0.23058346577273553,0.250376170228357,0.1477064521123782,0.3982056149812839,0.17294257012837064,0.231483644117697
0.15567571593770696,0.24629959866483614,0.22046796015024478,0.3367796488581132,0.2658914131522926,0.26792356113490207,0.13845411833481458,0.24450432873309838,0.21408113868598602,0.2114498205282898,0.22108384298130232,0.3403617601518298,0.1841923651795487,0.18908727415458884,0.17218704908787838,0.24137058692201732,0.11555400588023958,0.2534021483412177,0.2338997147267414,0.36163608104931017,0.18554485515473385,0.22649806236622064,0.09977233710782654,0.28669538593925326,0.1942513232440597,0.2676324075579175,0.22061602226006935,0.26536810323902005,0.22061179354301333,0.2732198944079324,0.17317486498673085,0.3613434997645863,0.13256566524888586,0.21028226614105022,0.2290022997252253,0.17046991233132167,0.18583172296712885,0.3501582631702238,0.25450658090484013,0.0
0.2006337232809737,0.23495650741444546,0.2504216662613312,0.4215085503868055,0.18656117420443638,0.3754014900968339,0.18158503625059086,0.1544213171973911,0.22241011794812512,0.3556290841098063,0.13285047435921665,0.3668923815941758,0.24154695837728818,0.2674741922154877,0.2586769920347811,0.274276265912359,0.20816508587962113,0.3572063190497572,0.2694574868812956,0.37752913988663594,0.22931435192972063,0.24957290774204716,0.13521947191671496,0.3578798659850998,0.06081417694225261,0.32016080528987334,0.170413348923399,0.25728665968993264,0.21097638638095303,0.38070721832446863,0.09781721902853398,0.2983049576251374,0.24839598988549427,0.07323892897725381,0.20527181772921413,0.18742676570540318,0.20544056064052368,0.3833476391728301,0.16640232429403376,0.15196829608584453
0.23773986608596429,0.1404250782928242,0.2450714713282918,0.21422687506405969,0.23074889695696132,0.36934377623281534,0.21701526161634133,0.31462953787255205,0.15669037711273714,0.2018038614769188,0.1753742595277662,0.39699072290130677,0.18776378234794078,0.2595390542510463,0.13024910741057794,0.34996609039475496,0.2709551676603849,0.22413963561164407,0.1426028125984122,0.27825521062924286,0.2847027771364873,0.2192859925633895,0.19898093172682577,0.41757352181317003,0.18037993251401532,0.396311620341481,0.2183310505213741,0.2866264661986253,0.2517257605495814,0.3290167196998201,0.19177514394379383,0.25717915061120866,0.21629202134835504,0.2858430612608013,0.21571823823826392,0.4241273676910346,0.2723942485722616,0.2703747947836304,0.1292821826224103,0.3019464954816277
0.27045992118208295,0.3153015750854481,0.2333553765079737,0.2169621328460682,0.2439533335109262,0.206857468717555,0.28362419285533835,0.22484310979218583,0.16634046124123608,0.3588218090525527,0.22619593192800763,0.22666522128809455,0.1679185402727852,0.21946746252749605,0.16378540633959132,0.3703568509379713,0.14595276383593955,0.30729695983181804,0.18641388383582258,0.26129636190235256,0.16346019264151423,0.1709601560290966,0.20827378657264875,0.4355152754577032,0.18720342959518685,0.25919658209554103,0.1777156031877799,0.45441348341606147,0.1891854778848876,0.3136137184358462,0.23241664305226153,0.1525349767975211,0.09051787139101844,0.28216064520451273,0.2025505426128281,0.07971801009250876,0.18017382207930402,0.46660203603757394,0.14918339501020636,0.09494342516580206
0.25802227372751063,0.30723450431208676,0.161471360869124,0.4199238614196791,0.13005840370893318,0.2885780223631986,0.23211795200767518,0.27722618176602787,0.23914458118399334,0.2460287384216933,0.21640460546082815,0.29785673853074185,0.2542339135277761,0.434062594668615,0.21269844190236478,0.20546901783191215,0.24396613820171661,0.2717068703366076,0.30362579460284084,0.37643225390923596,0.2702049008375702,0.27193124721143874,0.27429987525959265,0.1676196106594574,0.21857847325285462,0.3622877387570034,0.20665066275956664,0.35069978902888116,0.11227294747334682,0.2685156375669591,0.21550465001034894,0.2293940456631141,0.3165046824283646,0.39861590113482687,0.2258921242775475,0.2721349786520429,0.22942942310597345,0.46712066974176975,0.08000622394723861,0.34454017826012806
0.17649539363538677,0.41260522529172555,0.2695018655069979,0.27334771470144215,0.12620596529293004,0.22130812725559493,0.2493534510949472,0.4724566908225155,0.12710371082542,0.15718111897615458,0.23762375781818126,0.2992690059320983,0.23916097390523705,0.24001530122713627,0.01,0.3614951122160066,0.16053027399527245,0.2416077177852088,0.18297754329273028,0.3366406837491771,0.18429039373309694,0.2393584682116877,0.15525394990373043,0.3294997834190754,0.1923183147673753,0.29668744290377497,0.16264113490095278,0.27443121133340015,0.2326550017905199,0.42796440955885284,0.3764833679565811,0.3625043798463053,0.24039159572296415,0.39095970415566583,0.16688407973208133,0.3044901621324759,0.13534375722585618,0.21577954510756786,0.22015182768906127,0.36268615145688443
0.2833222024615141,0.32916437592948455,0.21276001804598074,0.10207230107092186,0.1313413575952481,0.29775670395314857,0.2760830232515482,0.2684366608010619,0.12714775357591887,0.19888364184320817,0.19152850385927733,0.1342755435797587,0.2327408579308286,0.20198050099127654,0.20283547871769284,0.4145391510897547,0.2056941446826296,0.4594971321208778,0.19403749876673246,0.34914600996432116,0.21349643419309317,0.5019655635059534,0.20548768035688425,0.3406323897146103,0.21518060781312376,0.12209435610625452,0.26128936108492407,0.2707092772212251,0.18490020149079783,0.3067976247959439,0.18008711838289426,0.29964653620127696,0.1530686210932776,0.3572942017992789,0.20618175967752697,0.4550551125034366,0.2680890494098355,0.4310317646551106,0.27715121915135166,0.08647233351671446
0.19137639353861766,0.24684634148045148,0.11533729828402803,0.41747802360448216,0.13487888739657056,0.2673391007818315,0.12588893240270643,0.2221148755696321,0.11886504180298722,0.5953709750407437,0.1919662259035778,0.19665843080891565,0.27242090869996505,0.25615032981710706,0.30655875161065615,0.15039090096681226,0.17696590428581982,0.34592760040334153,0.24083277449144633,0.4874159114915845,0.14251929193615065,0.43362422128012224,0.16403640313562812,0.33370936366240284,0.19083301518138382,0.10170605063733457,0.281498831127457,0.3306582408312893,0.15902975103836156,0.2674220410241303,0.16419320030689377,0.20855957119918533,0.196141097680012,0.22950142852052716,0.1488791930542999,0.44793889239137497,0.17970390226553004,0.42958313185132957,0.31453323889768137,0.3510969664182885
0.16917804402039394,0.4170311450182801,0.1450955920682801,0.31757776172079616,0.11274917620788225,0.25172361589440834,0.2734066099774282,0.35182188456514235,0.16573942871204247,0.2939396497155113,0.1889506976288706,0.4359836436971668,0.2588656399623096,0.0,0.21535009214840184,0.4940857489460232,0.30527427352277325,0.29562501588818746,0.14595849921961745,0.4937115490216978,0.2299687618909818,0.19019711314304838,0.2096349054234263,0.4303953678243275,0.12374263897717076,0.2626812939495803,0.1542096942288529,0.12247888188268494,0.2577197028186428,0.3534904932378162,0.22254700939873315,0.2937300856696069,0.20796369507663978,0.32796184530270517,0.1984232261627478,0.36798546394834364,0.17609615624444425,0.37399969885797,0.20365470702479305,0.4810593729046859
0.25899453485188106,0.22961605423898723,0.21072861364520928,0.14345491700305388,0.16514491426355593,0.14020566202045207,0.21804925377249124,0.1738180373045815,0.17134850907859256,0.18320376599980986,0.18109290463249936,0.36987378845280916,0.18643867810765513,0.20109488642777246,0.14032488385331482,0.3678829108652698,0.22923746075678086,0.37007842189226586,0.2001096574251462,0.4109866933821293,0.2489402833000558,0.4096517693291175,0.18017198429291092,0.29435185704533756,0.19453577887992815,0.3282540736830229,0.23464614710028403,0.4544162437120187,0.17284151042612725,0.22154640398859632,0.18096110212754846,0.39177121047522023,0.14442268106180503,0.2717260794341358,0.2168600167255826,0.2412439081727373,0.12038345321596453,0.21673599273343014,0.1783295368807622,0.3146484362434445
0.15913489843603412,0.18925444741986985,0.24648400755297528,0.36498226606162043,0.17347870985292152,0.1726786921363429,0.18632628602192594,0.157624706800934,0.25575664784004826,0.2118331202803613,0.1553438082282779,0.35745105600995974,0.17527140409271938,0.288507742567567,0.20771091875167713,0.3210408343689479,0.23284900664306835,0.33067496611261155,0.1643432934050585,0.41622468745086916,0.15969647285227606,0.36800696280713063,0.16050878242934027,0.18066993342831356,0.09515643961342786,0.32421150247447206,0.09873721308684572,0.3338448703475696,0.14158545733251748,0.31790966271149695,0.3020798100860998,0.3540278666126473,0.1655444143627477,0.34907183841232314,0.1920888005667005,0.4838801231206115,0.16935896603705508,0.14221605845359586,0.20355257307622057,0.42271836792898465
0.1747259098410475,0.15369269781612835,0.2044810064344541,0.4832432764478686,0.17548709798383041,0.29155360397395375,0.17407623875417905,0.2818960026227119,0.1021207482884725,0.2783463980569466,0.14101882056316362,0.23483265401323963,0.18829941199812908,0.4575718973504991,0.11109117170186918,0.3687074136126234,0.12756212851623994,0.2825606027067097,0.16370609640033407,0.30466430604635636,0.2122640225683749,0.2515088258517145,0.10862045216753241,0.481931641287819,0.1934764415918911,0.14954628894426764,0.2501711783276174,0.46497788347414565,0.13261279529877099,0.25177559247746506,0.21205604938700262,0.23006527672969418,0.14150374386889072,0.2899634443813744,0.14315816059256403,0.33531514802280404,0.24693841569321187,0.4401891268840501,0.18954827524595114,0.2868522389860772
0.121847468757162,0.1390695887641058,0.20880992482161775,0.1971466532108588,0.23043206187564166,0.056630441053410585,0.23246676271612485,0.3979585313740064,0.15710946635793427,0.2984962367195644,0.1837414776865648,0.19387227521979492,0.1540773604814768,0.3391997795894857,0.2498980032658395,0.4427560326974489,0.17701944413858933,0.2739034175864189,0.16380637618266586,0.19535331869241962,0.27462651561178913,0.2848633262491417,0.21232870114292873,0.34384030935628496,0.10801676733666542,0.2851090863425303,0.18007596521300215,0.3119121153621318,0.2622093082661172,0.36776826292954595,0.18646297552569277,0.04966596454866479,0.19676885671078131,0.536463627338917,0.1704414387391975,0.5054961329083565,0.1623285318215415,0.15929584972852973,0.13431463266529847,0.30273947957110886
0.20006075587191763,0.43945043833635117,0.26946802227224925,0.19677899297512827,0.31001564267018134,0.17502210626776382,0.2850141254701005,0.19370006336325118,0.16443592282591235,0.3281275051981472,0.2509730843229754,0.45436259893928693,0.2845401106720604,0.25347619923945286,0.11243805545918922,0.36459763903361575,0.2107119972905322,0.3841663984595615,0.20017202808938717,0.3783222596510659,0.18314771224431345,0.4089901226959845,0.1981860693366225,0.40090734895984903,0.21903826637772394,0.17905094774908797,0.2634329880501102,0.15335284214308487,0.17422562734889513,0.35524188436354515,0.21497798441409438,0.33607152006917285,0.1576913847143087,0.31029546048010775,0.176800497948143,0.3642628818310535,0.18918800184992948,0.2665169757913098,0.2656491025803791,0.30065357346587346
0.09922924949786695,0.061975738849562145,0.0361013777748817,0.01517340116958385,0.04872017707375139,0.07822859065961685,0.08077313990224068,0.02189845981218585,0.06806263089056787,0.07389820128330013,0.08402738151000451,0.10314617382497229,0.05786494835272611,0.06175506030768483,0.08772059843323592,0.027187350547615046,0.05370250832147376,0.006906460553986443,0.10627965807392828,0.04693405901691034,0.09514043868461332,0.04172273361068027,0.09196844541604474,0.03362850114844151,0.046305344553373734,0.02111628359531899,0.07338855296952125,0.03807555975316679,0.072744771766701,0.016486222033022094,0.0459140847062687,0.011205074538593651,0.07237702327916001,0.04172456872855868,0.08867254764328052,0.062498088351487555,0.07067288493657153,0.019811944471879724,0.09151554580320917,0.03475416213986364
0.10828471794641102,0.0,0.06919056978595235,0.042198916253801906,0.09692658577537495,0.011628207954865112,0.0661638683329237,0.033590505501410836,0.09801698775491038,0.04710390150059167,0.08329373432602066,0.026999718006843774,0.09061290374508768,0.01963450294198437,0.07399792768440006,0.08196974718824958,0.11285514640819719,0.008010021004276398,0.08952332921543499,0.05766825732812532,0.09561614159222764,0.0718501115254361,0.10468525049059774,0.0249360510080386,0.089260844522849,0.02045911147431754,0.08773745975397249,0.0359927115615795,0.06832012283881331,0.04816761430305154,0.08041650352298971,0.04086418077320171,0.047274778294264345,0.017226170548480482,0.07238736639987384,0.07844370340912044,0.07255055324296397,0.02713084337537136,0.06527670183251238,0.04344185671293316
0.13969728304159018,0.056627495532669,0.09132654475715175,0.014446600692175793,0.0886599540663655,0.05683169451644525,0.08874300261339325,0.0313917473050412,0.1039824533974969,0.03527580776082649,0.06974813252131576,0.06766481615756949,0.07637513562280669,0.09123879676186133,0.05399291770930592,0.029123646822609754,0.0865852649530052,0.04684837834692128,0.1279494804664203,0.06513110015550383,0.09452703887979148,0.03946442395240247,0.0968241116711792,0.0935559835268336,0.06054806193089077,0.07745238145031735,0.09149267755325743,0.058120709792957206,0.07307837653474554,0.063066006137606,0.058934651071656075,0.028138087547747614,0.07030441263358789,0.043585312037514805,0.05259285855006889,0.10773888599685542,0.08894847775552224,0.08438628900717754,0.09690971697233139,0.07530864535780578
0.08165523979478291,0.023657553824477075,0.08571292045813189,0.034091155197507744,0.060650079465820156,0.05940448567722553,0.051227241400861115,0.01804580747857009,0.0873384658328774,0.020105693407347736,0.05282448968665612,0.05448473398619959,0.07520832618670296,0.046074319775792696,0.08048149915531645,0.02536148598360972,0.08314710422677205,0.07333256191227991,0.06656796199544425,0.06895773238817156,0.08757913545696928,0.05685965380535009,0.0755608030961269,0.026004696469463996,0.08059212892276091,0.08723120844189508,0.07662946311986096,0.09928275547283233,0.13533822311860533,0.04606135007479207,0.05733396400037473,0.05393646991304356,0.1110739159457897,0.0,0.0684596552139424,0.07324644417963412,0.07968400129527049,0.020354934345862302,0.08223167163520884,0.009040527653749478
0.043736774960221825,0.02587463424744909,0.07260999736202649,0.03829809710445484,0.08211460872557685,0.01612330076015802,0.08456509499175828,0.04573703287416393,0.06604797318806419,0.06325141403798848,0.06884576402993108,0.07546476648066068,0.05650886460584456,0.0479330120125743,0.04473766050885119,0.060649278197021164,0.05923317447313543,0.07457710190380745,0.0707744587150911,0.0627784009907565,0.08141437137872284,0.03258659395097168,0.07063141502384226,0.02562882757624791,0.06692556283538044,0.0695955749868208,0.07223571886981438,0.07093128884521673,0.06802037442539682,0.05943585312664433,0.06681624531972105,0.06857355485205428,0.0856892735569524,0.04562255413211218,0.07644244406643512,0.04226308782414985,0.058366889126205974,0.05685219421383055,0.10874784990610546,0.03928634286110014
0.07157364324166944,0.06307868652741605,0.08632192098851658,0.06795175533254659,0.08515375538634247,0.03636952859070464,0.03483831945513484,0.05882195882875326,0.058966205495824105,0.07529707018738649,0.0958314427392536,0.048637961371630636,0.09587256896733767,0.02896839498941729,0.07315328116952409,0.054667779971870924,0.09546930297079735,0.07656566434678234,0.058881768926277625,0.003484443581735816,0.09311971300476576,0.01254398048018631,0.09530168015863086,0.02623589185679421,0.08533060924833563,0.02300971025539519,0.09912262771319376,0.04989020251030938,0.08057486139247527,0.06727295642559615,0.11197757131489347,0.05818473086543241,0.09277487528672851,0.07536712274962294,0.08525586701643306,0.03783302118413364,0.06942729797899583,0.034764545667985,0.06352430128923464,0.08396862060903479
0.08070707278975058,0.09808339309510106,0.08957351678429111,0.038903666439002324,0.09446066531664778,0.014062650636719465,0.06846930394345102,0.05898316112144699,0.042663748071497025,0.10725902424781969,0.06053205155692854,0.05552854233039515,0.10790521899960218,0.050896413480278464,0.08610140280994376,0.07489286597498414,0.05702699750201023,0.08169789645735928,0.048582500667672356,0.02602186471671143,0.059008796695233526,0.08084663614251213,0.06051842163273409,0.06521979578162582,0.03912495920312651,0.018601122009087187,0.1064948908515838,0.08294063434354615,0.08225965894742819,0.05469969293800764,0.09737151316175374,0.03649989945480482,0.07835377291071144,0.07420621992610144,0.07887192741686114,0.08591910782829501,0.07612745983984102,0.06298785561680752,0.09136962726494983,0.05799763475009691
0.053599861807799715,0.07593733929579702,0.11259600979526088,0.07403314620329814,0.047931713776914665,0.02990014277483771,0.08758286990082517,0.05567372779829682,0.07907661548003679,0.0,0.09349154175761175,0.10445587761795216,0.09643820273726428,0.033384512943998426,0.07946087028057665,0.04411452095331689,0.06303862562224508,0.04834550960900565,0.07852560555054734,0.05905848840133376,0.08685608970433602,0.07262704041160202,0.0964689606405939,0.040444176184711814,0.11286474901762955,0.006022435570122171,0.05827375288042626,0.06654100147999334,0.09377803141706452,0.06607334400578939,0.06388370170409315,0.09568131830135927,0.051390824101331174,0.0705290772126044,0.06555583376296274,0.0,0.1037176417391742,0.09854971185430544,0.058472355973308465,0.09823657539987252
0.11096223549593329,0.009076110672028175,0.061011906067150096,0.06379740636416859,0.09500775541917851,0.0683646867912252,0.10382521439990818,0.06317143348714535,0.07783265585668998,0.0026655795036679905,0.08729570361207055,0.06499720316136251,0.08138280306073849,0.0,0.061198291610556274,0.12139743964727036,0.08542172272974084,0.022728368651896654,0.09040210671966449,0.021951219958668177,0.059990784950123166,0.07586937864865013,0.09981556519635443,0.03310660375871768,0.12856562467117427,0.03968363671646818,0.07419939108570076,0.004145417463552181,0.06701606366079901,0.03407300430725427,0.06665689529972449,0.10767151321078854,0.05945512309759799,0.05430764322713069,0.09037959047978555,0.052459327579163065,0.10133916003181045,0.06266427713554198,0.10197523988308463,0.014131362494342256
0.10737253040282367,0.061520117253506576,0.06190564495441763,0.016144849003861733,0.08500291200533572,0.060356941262323875,0.07724139220600201,0.09631030508860167,0.0737208503904099,0.02277899833859493,0.06935499333275134,0.07884925906468619,0.09099289209964165,0.05179983782899834,0.07293348872023096,0.09584332665033247,0.11770919576114128,0.08867760955086437,0.05157116593984452,0.08086819004975532,0.07048544802680307,0.028972789840600463,0.04963407047789517,0.051873756499483566,0.09356053415159007,0.019348852241293773,0.05474317635916866,0.0931924742572401,0.11351607444806475,0.031418463306375016,0.10072947560501683,0.0,0.07060504270741323,0.04530148794802546,0.06499758944097538,0.04766283937766136,0.06746100926715896,0.055736536775648396,0.06655718013294301,0.1056796452425452
0.049779061186659326,0.032058486588087964,0.05873835766280218,0.020050319751835344,0.08379575560778593,0.010489057314260433,0.07213762434093023,0.020966578825287602,0.07709761767895591,0.045955162415668195,0.04391589473564183,0.04029095089505536,0.06904073103712907,0.022422918649710816,0.09340960134994192,0.07907896790391125,0.05908815943509692,0.0338242672365308,0.05777746161771969,0.0613135915275971,0.10895042398952202,0.033475692898632683,0.060793092706644465,0.03783294591385399,0.12906577084181511,0.035227913248348786,0.08576669637587161,0.015467814911922999,0.068841196159052,0.011707183489728316,0.0794684103765997,0.06507908976838388,0.09272526412950702,0.05459039689744243,0.051824599847709416,0.06114612596315393,0.12566414595818542,0.07490402081001732,0.06912122248714266,0.06099499915314199
0.1096580622123651,0.028382591001913333,0.11070497268020718,0.1056372373934272,0.07186816851563693,0.11035882184826191,0.0932123658983898,0.06725693696659857,0.07655696189770857,0.12008598911196128,0.0803119308263666,0.05400766959420744,0.09996382844115241,0.02545620613604348,0.07752658641174681,0.046357195684656356,0.05908152535950556,0.06994038419803765,0.07515688454003214,0.01253152512479705,0.08466958191937494,0.019473367929557568,0.06966574210903692,0.06142736666469646,0.06501220593947336,0.06333904726244972,0.05283629983248213,0.023110572628795123,0.06760059050922912,0.06883960364587134,0.12952130842463844,0.04082147293741728,0.08599746278568925,0.03923605316328675,0.059706811118327346,0.003721268139738533,0.08829112649059208,0.03570312750097275,0.043344471181439956,0.02459482856661979
0.03272396954459444,0.06273073893486414,0.0777012272412527,0.05178682669822324,0.09866469811795262,0.05058140647100652,0.10381100547833073,0.09210929339976391,0.06300495921384408,0.04237199439864229,0.09959817087551295,0.02963272049560165,0.0501776215613393,0.03347867797902825,0.0925130233268947,0.05352177050974061,0.09314584565422958,0.016167787704269597,0.08354180075358669,0.07369445638912982,0.08335903831107072,0.09601412985723592,0.10279053633868754,0.018449138199301864,0.07366790709327745,0.0818746901382533,0.05828196504418817,0.05348102643710862,0.10251832492787649,0.052313295299552955,0.041746616306873936,0.023179333443779253,0.09657525571844078,0.011749857370408172,0.09596856106790023,0.08163390181150346,0.09543485515013125,0.04351037223739975,0.053444042834403384,0.056414082333044124
0.07872687980052416,0.0,0.07161487053173012,0.05911723679526055,0.08438484884961892,0.05723376822783473,0.08611713795737438,0.09749884473067222,0.05150535475693472,0.07981983853625013,0.07697499549697077,0.11244957779058148,0.0768830582563846,0.043062447255971546,0.09181326058031183,0.0680258433354269,0.1035733783987703,0.037486028344526585,0.052733730961029575,0.004393447424337768,0.10559556991450499,0.07377374045394544,0.07529880690725893,0.09633803919942291,0.06907165704522356,0.04535377819413474,0.10888491542801879,0.08565756380396337,0.07982483961026307,0.05867451604151155,0.06688084992760089,0.03690956549600731,0.09644886224155041,0.0375071331008377,0.0974837389795719,0.10646437277664328,0.05486890063309795,0.06847281292636842,0.06655105322051039,0.08110569418996023
0.07505769666514987,0.04344367301439473,0.0787975954263477,0.06455150196770831,0.06520264926525451,0.08977154471575077,0.08502848466472161,0.045325955949433075,0.06602836404400293,0.1223528619259413,0.07307758363704774,0.05188685556987045,0.08900093023037486,0.06162554967561999,0.0733206131573327,0.07121624703065678,0.06426437984872879,0.053098388832050494,0.07650206890819015,0.04165261892430412,0.07123820841463244,0.09154041978411587,0.08283176065981435,0.08186007438151269,0.062740540991271,0.0,0.05681557916744687,0.06851042418280952,0.11618878424385404,0.05086271157373216,0.06571007606893203,0.08569157066645586,0.05416491070885915,0.022600329088524104,0.07389133815760371,0.03318878731557373,0.07742333535377183,0.024416103014152573,0.10472577514875162,0.04332758396381147
0.09124536432722342,0.03240990330498742,0.06272211227804972,0.04386070186762957,0.06594008730201663,0.0061664145398896,0.07084120054935222,0.03807137758951625,0.06856978178825146,0.04079897125199681,0.10201116154225943,0.0639521830180487,0.12731953075356855,0.032219635804221464,0.0879026127863145,0.059252270562819336,0.06527359973448339,0.06543599888577897,0.06583100971946547,0.026977315035499796,0.13465315026808558,0.03548299825057466,0.0819428476022135,0.0019694079778016862,0.05119305435477684,0.025512463414901057,0.04434507134534077,0.1063348345090821,0.08680062244937536,0.042897240309449435,0.06271885200391308,0.0,0.09131889657854454,0.05404657762010521,0.08055025010593038,0.02883474632546532,0.07256729291201779,0.0557241190309572,0.06524432194907115,0.058967889669739156
0.11586978983143284,0.05305690860130455,0.06992262338354623,0.04981120592642376,0.125381923906845,0.013895196929715622,0.08925170924810122,0.044681674566986955,0.07764312594884167,0.07683844163776545,0.10265317352713196,0.096129340194106,0.10384605532853253,0.041532818231713786,0.07440023593251667,0.05566147401945168,0.08305499516743685,0.034531894664742865,0.09517415636537567,0.029778515616731283,0.08381350498526813,0.07781375852864368,0.0368584923533681,0.056897363569345355,0.10988010949335159,0.059856303164888075,0.08523014370926146,0.08934872621036284,0.07663270812523817,0.06156773514478013,0.10097979349393339,0.0456757509439065,0.08828524087252185,0.07086552015328171,0.07865124023910344,0.03569200075447618,0.08600030128457456,0.003711012201195081,0.10637497664437465,0.014348583382706906
0.11259026124426322,0.04799590966344713,0.06681917595665522,0.024892621091190264,0.0944302413366643,0.019868353887313187,0.08722498777845565,0.030759776902401437,0.07359177374531059,0.003812893407601603,0.08181818670427345,0.08324573711769659,0.044254520696153106,0.02142835343284001,0.0700997967740304,0.07053643008723139,0.09619754393937081,0.0,0.08276377428731731,0.03665474311987714,0.09015102877083471,0.0,0.032611102110728124,0.09616048035423094,0.08788871846527126,0.06822090304958042,0.07633449839087317,0.059060379501467156,0.11295836000509338,0.0,0.05210809128390243,0.023379066802981303,0.08851452694839544,0.074007542231487,0.058699652504068146,0.011162500229794259,0.06813709484269197,0.09109226889893132,0.06894278105159636,0.10258770870500283
0.08587489903316894,0.0,0.09758923410263722,0.07241513395713137,0.12314096580015574,0.03902778044196014,0.059666818474388844,0.04740682012958176,0.10148388203935066,0.06323408182856641,0.09597592634213839,0.055311903460470976,0.08564828648728538,0.023578270892608843,0.08307486283162085,0.07545173512436375,0.10280812153459165,0.09477834452407972,0.10108081855955804,0.09651775997827197,0.09530094485196204,0.07653093778585657,0.03411891208904412,0.014694771223945927,0.07340300663740032,0.05909993470344459,0.053304646444751164,0.07973623696239338,0.10376618824912191,0.10554345687067745,0.052913368482003786,0.0586099970080072,0.08998977487593818,0.04768615823984377,0.05916905381512488,0.037263038234085874,0.120924451874726,0.054968775122342814,0.09010837741214986,0.07266571979891202
0.10259655874866155,0.05823130518348249,0.07651558222599548,0.04251087194500438,0.05536891082750138,0.05982202097142699,0.10628551364584071,0.08144493518609874,0.08944689550928626,0.08672843748230771,0.058385803399356256,0.005128964031222087,0.05069662815368409,0.06028818580689588,0.07699275163109622,0.060068475689275154,0.10394369041779009,0.061824078737748416,0.06677362250579794,0.03535093913367654,0.07967223463964186,0.07505144709390953,0.06534233112009129,0.07900458587814227,0.06293159368878144,0.09052449126322616,0.06524992127662568,0.09363387050504543,0.07786023680771922,0.011190433549544139,0.07225954519747331,0.01555080615409999,0.05849152021332707,0.030909742467079827,0.07483559569400779,0.07350345499752665,0.08134301331440337,0.04576312937806963,0.08912053948669574,0.04039669844031846
0.10898380237990911,0.053535869747706986,0.0723355169644763,0.020232035984247602,0.07251441340206495,0.07562334048006696,0.05405805568005985,0.07678830186984012,0.10196472786351121,0.060831660064907506,0.12791391351458423,0.036354828819412974,0.06173561328462139,0.11003592754427004,0.0933372466991965,0.07552816099318146,0.06380091788119976,0.03745251301778849,0.089669686741633,0.04198790098589267,0.08206219974219392,0.024123326577457523,0.06920043010477302,0.07130055382173278,0.07451406711005704,0.027866787561985514,0.11779807017125286,0.0810959985156779,0.08897415793930082,0.023045436391980506,0.07277987069931639,0.03482839018243848,0.0745442701871175,0.01275429107663039,0.056800911155056616,0.024136559623419825,0.06579316503949027,0.06253469191527454,0.09070186851130854,0.0
0.06073840822746869,0.0650677391847972,0.054559761305259455,0.05356498305252093,0.07309079824870963,0.08694698584893862,0.0821580392436271,0.06278799546376444,0.09830418735536274,0.06708773004138985,0.048573418476348086,0.03849641521198877,0.06183928943503586,0.06734332235213558,0.1053191609630668,0.02124936187796881,0.09360435442340066,0.0060993846021931,0.051654388812288746,0.02439239194306931,0.10895469520841819,0.050058075711047235,0.09959897469006879,0.027455790165069185,0.11890344780242537,0.012862608703153464,0.11771925606817271,0.030628129248936087,0.05570798489320171,0.0110442362481762,0.06445888963436673,0.09339132478367221,0.11312969779625105,0.07371591647779475,0.08725015610910197,0.00389651032040942,0.09031919614953178,0.011222710325370679,0.11782983070428413,0.060061754505561935
0.06322930192899603,0.09485124916595511,0.08712283439976401,0.06590369154933517,0.07370848010333696,0.02926759734166886,0.09122083758908328,0.046645511062058095,0.04564668254532527,0.053486652929216824,0.08601915787935048,0.024161828774640653,0.09708225871422227,0.06949485362804411,0.0788131215702718,0.027473045392087968,0.11767210893473162,0.11713997279499773,0.079908266619515,0.037027147352585464,0.09484089454526477,0.06480517458028344,0.060601234108140514,0.08272109172885012,0.10392767950544557,0.06987024452451393,0.10466965496341986,0.0230994395406563,0.08806026463936786,0.09101081714082904,0.0870193393079873,0.09781987470235473,0.07061373013747525,0.07492970863388615,0.12557833984739983,0.03329729572241685,0.0626975982969447,0.0,0.053342402344477555,0.0036392074090914953
0.08775790658302182,0.02974623256059996,0.11220428937988593,0.05890548636779184,0.10273718524849167,0.06888422698483064,0.09177679669815061,0.05913039411433399,0.07913170819512934,0.03727860270605769,0.031060291825482943,0.02644857214867755,0.09169107764121263,0.07378104086064802,0.08613772455291696,0.07777147719085403,0.07809093335782374,0.06512042410178848,0.09382027905469582,0.03760253065484802,0.08443905459313626,0.020834749023211474,0.06565625993365,0.0633853030071201,0.08243600952041615,0.06400252929430916,0.07787930472176686,0.12505346914621715,0.060581758767882785,0.06166332917567274,0.10310089262062543,0.052350901820302054,0.055641160187979086,0.02844183425187292,0.09083100700870425,0.034845242999359934,0.10342667621920731,0.053450367841573,0.0956157058049405,0.07677396845538417
0.06281177692674045,0.07394312513427032,0.076219385356492,0.042362476846994936,0.07041117071105046,0.0,0.08965458890393624,0.0351581343320307,0.1007478302724488,0.09100923871291057,0.08758264971439686,0.006266945589728935,0.11100455549077229,0.03180553499220595,0.0427884898211522,0.024613333809132557,0.07808922687876808,0.03848190609637967,0.12620862795625148,0.06698307260897761,0.11454337712873194,0.042749601983857015,0.08392192707628567,0.12317048325241325,0.06853468518245773,0.09234016363652316,0.08513182006156803,0.024316936446961358,0.07016978463900173,0.04569743781461428,0.0889156709658522,0.08763028085777719,0.11579357891827932,0.05073759635742626,0.07725195985509113,0.039444150970541866,0.07053854245185202,0.12501990270538105,0.09867773625849555,0.0957329719646551
0.07278928199289139,0.04501266251309308,0.08866368250708476,0.031460024693175354,0.08851831347300317,0.013324264670014414,0.09627568989207737,0.05432337943239549,0.09318215665663412,0.05772932466380501,0.08384540221846157,0.05431427236028809,0.07646404166610977,0.023637027451122276,0.12117368750645821,0.07409298845581289,0.054288728645155535,0.022569238458209146,0.1022700508685718,0.013130508852089474,0.07092349992146553,0.07817713501055343,0.07791603755350152,0.09779300353840328,0.06533833896448625,0.01550248300608989,0.055886233563196844,0.058654160719435154,0.08951227173534389,0.03256766527490115,0.06208852111511878,0.046954918843650884,0.0707683655517459,0.03486150174437945,0.08695619187943568,0.028710335415934995,0.07686456515887076,0.025242538268135738,0.07122273856016308,0.041426820041246
0.05039626434268992,0.02549366583358311,0.04278033861724329,0.037689880971492215,0.07094536258933086,0.08763546543750078,0.09156379816862638,0.07257712062844232,0.09236500917901849,0.06153355104232959,0.09106411111890238,0.059113537399247504,0.06386459420862259,0.05129195651406711,0.08616500366329931,0.03611200283777097,0.07357316885075603,0.039847069360562454,0.1132152965183564,0.07201488080387591,0.0911432468371861,0.06052647371009985,0.06081025443361914,0.03952115744364732,0.06114184397830257,0.08225384723803172,0.07762594273102391,0.0762740254110007,0.09278072697183452,0.06343142543103626,0.09349447873790065,0.04912991744899514,0.08642850326321161,0.0300908687087499,0.08682225656974114,0.05894454004781357,0.09233436543640779,0.04452246823136967,0.1110486934082874,0.030202975599758253
0.08690050413185549,0.01810995985294031,0.11201546051067422,0.04850146981002932,0.06061411485268224,0.07711634588352435,0.06167956058224006,0.11911025749279815,0.11014030245676137,0.09142918751288331,0.055041226139154915,0.054932855647758995,0.04880351041764065,0.06642247644252697,0.09946719342568976,0.011696120126625152,0.09981296107729501,0.08620996705158065,0.091104199255563,0.03447383401432687,0.03295560276266614,0.05918197347237506,0.09745101951633223,0.04136844111763123,0.0715007208187784,0.027247322898559908,0.08312678695510073,0.06547531922590892,0.07505445853075213,0.061059281922529754,0.10570973092055616,0.06557995923461073,0.11084835637980943,0.020753377792632605,0.0593889859008445,0.08298557428078898,0.11719628257277173,0.0634328273361695,0.0763966944683227,0.07108087557578821
0.07871509848337077,0.07347359899827334,0.11271619884460005,0.029830133652302,0.1283538944687817,0.02517322646540129,0.07561729391620978,0.01886735736247426,0.04635247720985933,0.01843043974081293,0.07948410711020948,0.03767780378610014,0.04681554851423508,0.06846905664806036,0.0877575165419579,0.050744664232946525,0.08531985182742582,0.08236516957392032,0.06881677012402544,0.011922667298499688,0.0737581056951696,0.09636429853546213,0.07261548648629136,0.06938254401142702,0.08633455630393952,0.012230049730991142,0.030242071873799722,0.05115746849718163,0.09446133501782317,0.020622585664968163,0.12464731004192962,0.07579546489951194,0.06686037856273862,0.035120866618804286,0.07900830570246582,0.005267050722465777,0.09024237196911536,0.060938856423671944,0.08662590037437262,0.09748899683119087
0.08380961878545724,0.03900655083044163,0.10496512485913424,0.024331257035450037,0.11877531308211961,0.04310174370307077,0.08291472805846205,0.054923105095999486,0.050331300956579006,0.031191731632369577,0.0967542383637294,0.018004805121648856,0.06402113620647304,0.07397101204398601,0.0908833526761638,0.08291902130109416,0.08719055647130215,0.07276807648401667,0.05121213050340048,0.03191876213414908,0.11300575835256566,0.09828576162776397,0.08571770498219924,0.035954647173326505,0.10965813551417945,0.08293278041890745,0.04845544281678864,0.05663519523376431,0.037617170266053296,0.06227552870094993,0.09022793525060037,0.032675875852130096,0.05800816172418369,0.03136688088252252,0.09107020126055174,0.044696724490325065,0.08101808998372817,0.03630943964238095,0.07610785084185814,0.028031340900371567
0.15592102964017218,0.04823164398965715,0.08283244531712067,0.06634351310666534,0.16128278501344245,0.06285703563546127,0.0870798775226727,0.08160552660370439,0.5551881456406906,0.6607736191324156,0.11724948867881418,0.1137571439546674,0.5984871891388082,0.28294064127327145,0.5301101909229662,0.4064941746544684,0.14963922996186443,0.11927160472916382,0.11730204388670185,0.12938298648198387,0.36404600603420734,0.5992741378464731,0.13906988655430375,0.180987929315127,0.10159540738179573,0.103061095832826,0.11320621040137191,0.04227540145717676,0.1777139170092529,0.0948912693383517,0.10116057637044969,0.22706907572529272,0.3211238727117024,0.6521541273280791,0.11327712586936033,0.16337757020057542,0.112835796877852,0.14452529518971233,0.16616584836180276,0.06974000433251179
0.4559339858690892,0.2656925596585541,0.08242327822049399,0.12941742893333602,0.07855476266518266,0.055934896259124414,0.11323338316257606,0.12640483104070688,0.1411501899137083,0.1048947008757034,0.17169915728533133,0.14782966992685942,0.09681811995743717,0.22585140353090202,0.1112937669318195,0.22662983081688054,0.41396061182519517,0.5398039205296667,0.08641657015642439,0.16806621546197964,0.4229939445638799,0.46594984404331785,0.1466351918889756,0.18481262519999261,0.11441362195715896,0.10817260184969518,0.08461293278997814,0.15520535814551045,0.4096322323375404,0.2530988788203141,0.32444767810127373,0.7503830339929596,0.40465342148892913,0.3027200344982743,0.08493010082768943,0.18720184557732508,0.12968699532205621,0.12340915371648818,0.1474233349198152,0.14648003371376128
0.08885987423562856,0.22141294482697244,0.11896252018293,0.18693650145303778,0.17376796517064586,0.05815439995670109,0.13499960676987863,0.09116819283274197,0.12575830739901867,0.0915117421944803,0.09476218665300822,0.2300923624433166,0.5778192642849755,0.7548304091862488,0.3224406397163316,0.6835295676736088,0.13870004983072698,0.09362125246536353,0.10491703386702367,0.12131057302727767,0.13566174643013365,0.11880264095975171,0.12694943259312366,0.1431429023342408,0.1494348571380891,0.11878154287662981,0.1271905388403121,0.17653222950111058,0.13505661528934898,0.17489614321967814,0.05020377313284552,0.17213707775714182,0.11286330435693522,0.12275659919212982,0.11295657320744637,0.14493295480327048,0.09181510692236422,0.10039789500615606,0.09708007835921892,0.13921636287712535
0.5197108446714098,0.21208143948417468,0.08548408096988988,0.19940368195222885,0.11605302233154724,0.13504123467991747,0.14994707965195533,0.1558695544743123,0.3704398103606399,0.7579426493839185,0.08389229597731955,0.10005353638830003,0.1577942788075425,0.12128828128745611,0.3459987627254457,0.416476833384391,0.1441772821300231,0.19205744636608554,0.11950691603945328,0.16564771669153508,0.499524154575839,0.6504565259696793,0.11266511268410649,0.13533180591135022,0.11097836177522631,0.10241370291648538,0.12055469251708266,0.06489278225287065,0.14388135294139384,0.1334203243450148,0.4628514684326285,0.716150399959083,0.09826809515576153,0.18596872559588573,0.10198725893576885,0.1791462077920209,0.08342943135977307,0.1442474286806716,0.1245259327884751,0.13263645132679608
0.5875355196165737,0.7021911561946359,0.14360956813046713,0.10488050944150153,0.5519074437804967,0.34836632919978616,0.11844642497085618,0.058728617175402564,0.15483763221398394,0.14373778516642413,0.5030597260832461,0.7701057534035918,0.11205227977847416,0.17787472277926678,0.5388852164772491,0.5904927897945417,0.5621577958558437,0.3583939894073985,0.08779909762961108,0.04652159522589053,0.09975838223231885,0.15619734310055783,0.3241840646674003,0.45402310459793804,0.42494709103466544,0.271529158791111,0.09847315681964995,0.05897026589651837,0.07996719077324835,0.09846933852388101,0.07266934520284041,0.1956544972395153,0.09866532151500039,0.20599381696232347,0.13151861399175177,0.15249954573190413,0.08784529267954594,0.18506328404004324,0.10880121483500159,0.13335898649353337
0.04790486588112969,0.11764419989947614,0.4540487969916934,0.3833969259346061,0.07861162268581678,0.1435360381682094,0.11598183689998094,0.11733059845255109,0.11132613316071122,0.11818145386291766,0.15958116549026238,0.15445179553141214,0.1046757083038915,0.16567689559975277,0.10680130291451154,0.10566760641526296,0.12038567278225923,0.14433982812102428,0.12932335808838824,0.10439202483092272,0.12021290637492503,0.15561601643344944,0.12582371009761847,0.19766466892573203,0.15064035944281184,0.10738019067886223,0.10757750140536601,0.13430821340219515,0.11607044122030775,0.1522440475936327,0.11537987851637535,0.13263051650694913,0.35702337465423317,0.40249823139579166,0.12578198602951696,0.19311272069002575,0.14158637515859585,0.16412538192563159,0.14020311723578507,0.16026222159723477
0.35681039723601526,0.5411546425100557,0.1393419883321142,0.06509064023719835,0.3270255445323845,0.48196532300838696,0.13677280158326025,0.1488672385558022,0.12583631021990127,0.07559740941493064,0.13145875110923744,0.18547603040898492,0.338725123285462,0.2641886603736415,0.13622077887356734,0.08698188490306383,0.10248285684330957,0.09012936638969837,0.14786275083592781,0.21476784926778614,0.3996777346835675,0.491401808925633,0.1328467742671216,0.1708176657311814,0.56990151826052,0.30741317765060155,0.48308081927832247,0.6511307980626727,0.11696901179888088,0.11028119410582336,0.10132819876491016,0.18717431748905458,0.5434258518581647,0.40027500000099653,0.12050518457479631,0.17229495844157794,0.10141766146150505,0.19801109191136648,0.10257173063114616,0.23909460600685778
0.15385503605951575,0.1181664441466782,0.09782918456716205,0.10438382091894893,0.13239109509932126,0.1590730834859421,0.0542085518521513,0.16152470460020166,0.09616317135533739,0.16932324052439,0.403976613283786,0.402407466980099,0.3828420953841046,0.5771988960687604,0.16175767195092935,0.16688821538932483,0.14123308069360416,0.16244217933741387,0.16833638017010183,0.2497648371290583,0.14107810451309527,0.11887930685890902,0.5996572589083146,0.4082950099440631,0.09465808688089274,0.11850311260392465,0.1550163067637193,0.17949160790052693,0.11348282914105001,0.17316960269922055,0.4072981152952603,0.5385689429927967,0.17295667872313253,0.107242275757295,0.10834538012672949,0.1722732608876987,0.12967844204953705,0.19398557384756782,0.1101646690559169,0.11328211641690955
0.08337070796956866,0.17112257468637954,0.4331250393448011,0.4612587216205529,0.3890411990113467,0.20115839086822107,0.16464323690173563,0.19743905978099704,0.13991322824094113,0.08231365059951407,0.1048940865101023,0.16564941814410958,0.1257711517287122,0.1396270116542726,0.15284695199999726,0.14639659827693302,0.11232947466162699,0.19144656991675632,0.18380949171672312,0.0866252020537953,0.1441070051279222,0.10432252997280769,0.09942619368756622,0.1424724216275815,0.15030611774286642,0.10806413427632769,0.11615140238981035,0.05365411416840332,0.11923244172185986,0.13215715091569705,0.11789405448332609,0.11675832577431261,0.11491390518455263,0.02058253411984537,0.14351335283018457,0.12656440116019466,0.11936516310841075,0.2195199912106224,0.14197974103440134,0.19382690139831116
0.1058611102069575,0.17562939800743402,0.15179304396919854,0.11089735045242974,0.12781193912614347,0.22482135812686055,0.14154483881896973,0.0821080897787726,0.05077173177701827,0.10163347229882969,0.36208179404918006,0.7909832709252531,0.1468193147718437,0.12854755082946073,0.11529227945555236,0.09630197019390477,0.06750367282536929,0.11313970980235438,0.11787837663666428,0.10490308606199569,0.08656986644402367,0.11673950618008497,0.46665174545079124,0.26486291316139576,0.37234892251955287,0.4643546293440444,0.13979959400856912,0.17456494709335477,0.1319181238271195,0.08072958575382727,0.11596178006639901,0.11626605214214325,0.1122174247993361,0.10477719398958517,0.12949747802397157,0.06980031118101805,0.09479332709019514,0.1571355455250381,0.3727894455857893,0.5651363016259264
0.09698792057355334,0.17910494398810067,0.14339213737787707,0.21708708761532253,0.10479873580719623,0.2149587123817503,0.15809574758314593,0.07095816174289737,0.0987088135801609,0.10224070334809289,0.5625950478297013,0.39281785017388615,0.1282344167970753,0.12680258892815244,0.0673456758585155,0.15931259032444878,0.1231331685062584,0.04498213963490018,0.11647101598243212,0.15459112047027554,0.07146488872207368,0.17431213932220868,0.4114438440358235,0.682911837743166,0.3409407558818248,0.699137352361583,0.12961585605972203,0.16036303121230472,0.4217316250692142,0.5851269197463552,0.1407120859703386,0.21508717249868348,0.1708126478172027,0.17315049604847435,0.517361431564297,0.42956604957442723,0.38680681604458883,0.5318464990130554,0.1368681373972459,0.16297468636040932
0.3230387238337107,0.7275555939848246,0.11671256481681713,0.1683493528150396,0.136935726771556,0.12867987784790771,0.35600212103630835,0.37664703887319134,0.1121960161811603,0.16241273252191324,0.11536305061257843,0.29448133328842796,0.15005715975160663,0.10733750414163565,0.12467444277659101,0.2918583216605077,0.07626099312391384,0.17816495930996634,0.10656076117061365,0.19941599083329653,0.12058260327854498,0.17790544160779598,0.14888633058435463,0.11298317589657383,0.09343699308077157,0.09632702957215895,0.3563202568136255,0.30969839093954177,0.09141589976682157,0.2505373442064436,0.14185316122474656,0.16187878353817864,0.12322002252123276,0.17012211651243656,0.12056710190631122,0.08008003033230528,0.10222535237843941,0.1464937776155486,0.442131772958117,0.47447047084869476
0.10882752098898589,0.2565841968225423,0.3542601647290516,0.6891283657332498,0.11489294464388493,0.12698598730774857,0.4628144614577089,0.6758950349545308,0.5645985279124324,0.4083573722209975,0.12930181474507674,0.13421497902734564,0.11465658456489299,0.20457234560141496,0.08130270057130595,0.09015886311211031,0.11917319481272846,0.10769951885716492,0.4859127139574676,0.7001135271952075,0.09604419129209388,0.23254087173986907,0.12069218699344758,0.10720078021319956,0.0866600235460637,0.15931976277974644,0.1193723297074882,0.13391409022859713,0.11162026506068784,0.15125729537015678,0.06426171691516841,0.18140768190617035,0.08699721473508071,0.23638548608506565,0.108048817644421,0.08144738139180774,0.1643310372493691,0.0900075524131072,0.08199521169482768,0.11925814202577027
0.10216078428904482,0.14545053641802957,0.1782403464417153,0.16892397588507188,0.32135343906228087,0.7210640736493235,0.15042019651325947,0.2405657455759876,0.10475189155114144,0.18000260253831202,0.571992657631121,0.2693584062798806,0.08884438160557184,0.14509183668710768,0.10946107395868704,0.1341660803830078,0.0878030552890085,0.13262804384860943,0.10325390679753255,0.06872807814644377,0.11407887882658896,0.12245255595585419,0.3597670620547473,0.23609101370491664,0.5483206632154962,0.6302224881408305,0.07983809322323526,0.12981641728200938,0.10614856998870181,0.13700670392035214,0.05039616960623794,0.15287684425885295,0.08665929433402278,0.16642767386722684,0.5455073286981629,0.3273731178415318,0.12465101894778143,0.16855393288309165,0.12214833144767187,0.18903405149469688
0.10831075521206474,0.11926912782846533,0.11713843465861631,0.12694230651685112,0.08617024656752884,0.12664312238001124,0.13531996362127316,0.12468368983654989,0.13798356061943043,0.18967325165189663,0.1334876009364263,0.21764906169704493,0.1266696392546489,0.24511947107024096,0.15235553780435318,0.15110447546555006,0.11474470153572112,0.21680600048670973,0.10318108026805145,0.15384181907035166,0.34336682355441955,0.7058741785752602,0.5586529311662769,0.45641701684751856,0.5073070809970316,0.6478570274017246,0.12417197534006512,0.10805619122411658,0.34060599271770536,0.6211118661231343,0.151190502201671,0.20927693254831353,0.14707653916772936,0.048167814760757474,0.5406440412804502,0.7122853491688008,0.13201854760815512,0.14094832067355498,0.1105096045472504,0.1618148281746128
0.1480043148453005,0.08406547626804305,0.4451847769067012,0.7871157824060468,0.12063552094677693,0.10855177643513247,0.10542655578304182,0.1922872549858332,0.32431288818824383,0.5020991082951307,0.10738212791343173,0.2010291606127412,0.09008534823146228,0.18907412525206224,0.42854475370743916,0.4481283812196034,0.4263963824796828,0.7147457603974707,0.08038662315921027,0.05425020374453246,0.12605976704875968,0.2274381237520919,0.11110729316942639,0.11041924564809562,0.04204273986856091,0.1767740889213833,0.07372521019662805,0.28259907916301896,0.13343205274876324,0.008474404687146109,0.4577331321439197,0.6577631267909788,0.5660941869875247,0.2375701626625667,0.15861406419895607,0.14475753580239403,0.5320672559488051,0.45502709035198574,0.1272874797872023,0.16044479302232434
0.3240731676603756,0.7418131493441209,0.11181933068703469,0.1605870675352814,0.13487956432823237,0.1472417809957851,0.16437885761110083,0.17808052763522492,0.11767178834055463,0.15118445640507863,0.12817360153512997,0.057681633196161125,0.14752590554239514,0.20232076137300314,0.08311417246326205,0.21838871611409613,0.09152284018259899,0.12447448105564696,0.1458138985207889,0.15346736866153043,0.11293606311382713,0.21977928262007887,0.16262975394890594,0.2284668053348355,0.0792937383338945,0.13963358749064542,0.18407531524025317,0.09405344778708657,0.12493872921603814,0.24836619041853153,0.15265070466166558,0.28753081323435575,0.11588680265814612,0.18305621247964757,0.1642857571215831,0.19287703198109962,0.47633093937624604,0.2898528819052026,0.12258381083046027,0.20237454322487414
0.12350634416314167,0.18960823396741494,0.12487576287719673,0.23632020981003227,0.10281619425204946,0.1443781154514674,0.3492236302149622,0.5404026784910214,0.539590817515064,0.5257515387724416,0.5728062124369101,0.6527476374217773,0.5739072447451341,0.2266581794853956,0.03855556340066038,0.15150527226575625,0.14323503088894546,0.17302015743907478,0.05480034625032135,0.08163815011461172,0.09640244912027013,0.1752748999927494,0.14200868137686845,0.11492408890156182,0.12288193585684039,0.1612684601066724,0.3634422028104241,0.6123050254589226,0.14438522746058308,0.03922559592243183,0.3450089839042898,0.45765438412136017,0.18380281055130646,0.19143919474025387,0.101626854669674,0.10192649253306495,0.11821342195096336,0.12284664338838064,0.5785227891504323,0.5621239269182869
0.11542626938638328,0.15694040859642078,0.45434389721650814,0.6236463611056049,0.43689927295472514,0.626585093047429,0.13513848674701784,0.09824700314383009,0.45117472974084716,0.45918250922650716,0.3588487470669164,0.6696592378473034,0.12166171068065726,0.17788726373065103,0.07809760880677098,0.14640097043912267,0.07923053879057929,0.12271961412350992,0.06157452534817402,0.1215672155342426,0.5193357690634474,0.4666783868792787,0.08736188934397095,0.1933497320663088,0.11347331707916468,0.17119295183279248,0.4602789050417978,0.7818615586272315,0.10059564690544304,0.09926493008788098,0.18780478268559397,0.12570463708526394,0.10622384053915339,0.11041778575867697,0.15054532978471183,0.23290179828596586,0.1385373274278557,0.1554389066339199,0.1627367239925653,0.09876967040178872
0.08608743474585585,0.09207009313359227,0.06763221686368004,0.13346653171914968,0.5789458526724303,0.648246060547937,0.11872264926308193,0.19487069172305088,0.5615263055421013,0.5085751665770997,0.1511589034520458,0.16059327963022857,0.06840287355044908,0.1879271767709409,0.13314052972918405,0.22896970669721703,0.11436699445713987,0.16352392205043764,0.09817369367178608,0.2504966938667039,0.1701455113973312,0.08990228899050298,0.08355076057451025,0.20555644114377883,0.11993965210299354,0.14925184493442345,0.08796355717371324,0.1230949886007211,0.10025173441544835,0.1711978619374271,0.11095452347622098,0.12176443227743883,0.08302119164082952,0.1667359800003302,0.08659968917030514,0.14623900800746475,0.0980270946992616,0.1919032233666322,0.14512002792542533,0.13250233809363895
0.1207960318522627,0.06690283374791603,0.08120149336794975,0.19864202039464254,0.08693431313122084,0.14050068657581588,0.5101822565981086,0.5265973521802271,0.5257066523554181,0.6298330776752947,0.15148348480993265,0.005476153769898073,0.1337959484106782,0.16541945969304173,0.10436061539165614,0.10469905579853271,0.14134799667555137,0.10230284843142393,0.1456351758961998,0.17632716376141472,0.1236171708699539,0.21203169420842422,0.08458321881084217,0.15937543960522932,0.14891896978246955,0.13721932574319445,0.46516517545600267,0.29342712342192145,0.1168681266682035,0.14507061121048376,0.11158319679655435,0.16505037804149023,0.1429877350189251,0.1229617133341442,0.11286940633181089,0.09543300099513627,0.10759285081731901,0.1886599559130306,0.15464596616981285,0.14088656516330997
0.18830171621626368,0.20071209931565995,0.12849869159038652,0.08209028249714745,0.0987652917666804,0.07947713871243665,0.14066008933921292,0.14591532774407856,0.10750262078449137,0.2247387389520626,0.12326340172389136,0.12331555344770831,0.078743525072595,0.18682725689153995,0.49226647914118116,0.5403101689413212,0.13344619956668458,0.12347560352663348,0.08958856283119633,0.06382912050048609,0.38566332214150084,0.2731248318921219,0.0820145549200378,0.189979095555847,0.4557449606875857,0.48137284591186286,0.07469443481124222,0.20226296645130806,0.5532241659811811,0.5112040356408905,0.08949961491415498,0.11796663025653698,0.09179259326206192,0.10494054042945658,0.463179709165635,0.7691686286843429,0.14961365658735234,0.15782392734888967,0.3641576354194209,0.6966779614086132
0.1053828594553976,0.13542995227220797,0.1562023751992735,0.14151560553813136,0.09472400512047659,0.14247410509576755,0.09471999447651365,0.17708439346705374,0.11868326689717,0.2189703071958521,0.1498072711657698,0.1356078174494216,0.4429758791898395,0.4807681892331253,0.17145445389043876,0.1648634857311973,0.16652229905864288,0.13351711437739006,0.0975023021823731,0.12224261944286935,0.11550927315102108,0.18509481130954486,0.10193891441816587,0.19775406657758743,0.1290773189043005,0.13142418977125897,0.10712479902162869,0.17394294531431875,0.1017874006193417,0.10956664977610789,0.11663177735223128,0.19199900640477058,0.08137341715954338,0.19560173723154264,0.14555136387323822,0.20060591415138115,0.13537752196573521,0.1524296971574964,0.14024545442203584,0.14249134307390282
0.19368946068013532,0.16001858631015545,0.12792535920046563,0.14243986793352573,0.06987134547110116,0.16944216328210568,0.10284670815528618,0.15478095074411335,0.12160120918014579,0.18665376597995612,0.07488961820022519,0.11939328264407043,0.15035821828516754,0.0925147113983616,0.14592970903837596,0.15811533120294535,0.13417810486164303,0.29331795301359065,0.10301223284959365,0.18714331204257342,0.12099343310531294,0.1537904548838246,0.11302729353530463,0.0822711172234733,0.09132562119929805,0.11791736507558187,0.13025089752800414,0.19314641710300823,0.4363762582655957,0.4189104638189003,0.1285616776417058,0.1468471804127807,0.3727069341564572,0.5305780250518572,0.1177057559791759,0.10911181766615398,0.598576208337283,0.3871433400150559,0.3469645933527169,0.2478570933454317
0.12672788756602016,0.11233087102484321,0.11202884445150331,0.2349108121470383,0.43944397453242046,0.7625969183340515,0.09689380249671349,0.11659699028419923,0.08618580793817873,0.13181112853011287,0.0930005746347112,0.07982226908950094,0.37959093708167996,0.7651868752670405,0.12353650034639778,0.11628401068315944,0.1454526215190984,0.13510472794919728,0.09461692244901762,0.11815053098481593,0.13278449071640488,0.20166314947038214,0.12691013551888292,0.23182271230731225,0.1591019138982223,0.12849961217958158,0.10387888176708408,0.12550249532132324,0.0995093133865671,0.14584506128940988,0.11945612406481916,0.15268102575593445,0.05928471008526044,0.0978212967819124,0.0923823860780251,0.14069787362993572,0.5472405130126428,0.4818310577523943,0.5978763583594802,0.21100490834275085
0.11992883903749471,0.2572560059460394,0.3164295905859297,0.22189618822014498,0.12848290366226645,0.18665610298152294,0.33366281332693154,0.6775083770399553,0.5619082381105183,0.5188721954028745,0.45192323372513254,0.6899032159588114,0.1639515208889624,0.14267932485807616,0.118643874949107,0.1634357190912537,0.14353761067867338,0.1613358748771498,0.06754561116692506,0.1548273509780395,0.13516211009095788,0.1833765584952853,0.3649245482884058,0.764690455110036,0.11329937601488674,0.08318127474772112,0.5895270416944558,0.35953739058673884,0.17515336674977713,0.122555972043715,0.1062242363354407,0.2745543925694132,0.13963553951887078,0.13602809292724496,0.4675567569838176,0.2661834731206204,0.07604492884717554,0.058406298581001936,0.11533060961398835,0.13191846286594527
0.13181762578432416,0.1166366324107487,0.08782973956156767,0.06454263968075567,0.11085169127012746,0.13847989465540353,0.10443817143945044,0.171887675116291,0.5705871366372521,0.7515056163456422,0.3859508506867871,0.29572099368417326,0.09471480562990217,0.19075429295444032,0.09041364830851917,0.15005380517019307,0.18048344098160118,0.16827785856282848,0.5216899876673927,0.3597043808632986,0.49815259669764256,0.5495396555377912,0.14469638668040657,0.07553879618788364,0.11859878275473375,0.10010270728448306,0.060074527466741565,0.14366383209521696,0.1607315064781371,0.11189386416787471,0.07481229692613212,0.06478743841307548,0.47010141985331166,0.46498413580724035,0.14213561046194062,0.19087356948908363,0.11989951482822034,0.19167029876046934,0.1353641395689839,0.08355630854201178
0.08981981524881935,0.16717722076314695,0.11310907203271679,0.14365231371418904,0.10208898227317839,0.13221373257354896,0.3246843696282751,0.47049434451000366,0.11044471848733395,0.13571907065460967,0.538188235098082,0.666275027536648,0.07336909306176792,0.1926692320725326,0.10485135438249227,0.1256242657747705,0.4508764285988933,0.2857368770591861,0.15908733841312106,0.09464135414324068,0.13369614443162134,0.08216056339054832,0.14726548776594933,0.2749886599916668,0.12539083250794247,0.18120806681062873,0.4040094413046081,0.6165320686674887,0.15448302027630234,0.04746515220469802,0.5004023841760912,0.6323254934852938,0.1065393797130722,0.15776812489742187,0.10613598483064703,0.20338995476048977,0.3087551707976348,0.22650179887417238,0.14013897166591602,0.07783343536713108
0.10966491557720369,0.1671435643130802,0.15049586706881507,0.17931061740476045,0.11959597185439698,0.1535687243171738,0.11235514771006641,0.2737582677625528,0.09631961164356703,0.15064344856028009,0.0888795629884307,0.07170128427959063,0.11721965470306231,0.09944389447836077,0.13765518475691912,0.09270660502597738,0.1077899562779381,0.20528382670248674,0.38626399275255513,0.6559859984184322,0.3986671630037104,0.21546015300224944,0.10509050320120444,0.11456527237344952,0.15420624209383452,0.1338712596112704,0.1691933510445388,0.1682434857631243,0.12771782854651084,0.113422061185362,0.3855943595282253,0.5607608849539469,0.08943445312046036,0.1257154964091558,0.11238335720480354,0.1642901274016964,0.15927561050567807,0.14088421635204745,0.4169881471112944,0.7320909144449035
0.13360631088538497,0.10367973174143902,0.0761213830329032,0.11308042659534992,0.1477136336180291,0.15714189409657195,0.10486950745548256,0.19164628796199762,0.1555436845798165,0.18776402239030013,0.14195304878504297,0.11583230086287141,0.16009487103670975,0.21328171488484776,0.11292349319115873,0.10371993936311219,0.030342281370215163,0.1660981812325825,0.07076692912085211,0.11888257324550242,0.12456399699571338,0.22461866192193397,0.17451014193451447,0.08762840532789537,0.11682151171408524,0.10038616255749097,0.08397103397129704,0.19238696585197143,0.16657278190675168,0.1622695860499588,0.46557060282123097,0.6323032207495483,0.07358977767687389,0.19970061435152892,0.11407200332272961,0.1298061888484573,0.11678538609159118,0.15154735297581223,0.06622982579989414,0.0771972395263422
0.07888761908255681,0.15086357931681027,0.11597933142734536,0.1411863673084099,0.1367933846825715,0.12276847595250855,0.1373987200542503,0.08347627818174769,0.1149666637311552,0.05484059850348316,0.13690636170125145,0.15085073797447385,0.10550978584225087,0.1568382606500763,0.16431624798870265,0.08133582651696158,0.09461072389379335,0.041552790095357534,0.12114524171191131,0.12365810060641165,0.1406469373596015,0.06437428251221708,0.0750463710283464,0.10100099682355385,0.10393873294419304,0.17046487475711453,0.10509455233406048,0.05166365651551391,0.12159797049418798,0.1538641191411647,0.1495753790899801,0.0888063844307311,0.1444465056546207,0.050672784873257534,0.12171795210726961,0.09510954219723247,0.04018734745913634,0.08159144763255302,0.12594576075225306,0.14542148723381965
0.08865410461322415,0.16931886953209227,0.1333768759255426,0.14223727739801056,0.13968840558830878,0.10111153345394709,0.12434948070055377,0.15705682195500756,0.16065917491807866,0.05325456662804762,0.09835229733903013,0.17664563159256688,0.1523574556619518,0.1519713687268642,0.09851582233344504,0.14917794670565762,0.11845874205584649,0.061299319149744486,0.12793852385961577,0.14551492099580082,0.12238854432358501,0.11490112049647881,0.10051337394510211,0.14041942168479984,0.10731344116153028,0.0,0.09803848991290062,0.044360095830795546,0.057592251690225096,0.11993972377696173,0.15988281625463385,0.03345827755790169,0.1434873450676232,0.19936409885338113,0.11387968783333663,0.11859580875664004,0.07561478482874023,0.180737268790782,0.15407133452231941,0.05728031837645091
0.12050339394402948,0.07268995028672856,0.14394198944265021,0.04833175689975917,0.12957353828037416,0.12362420474114671,0.15069373325597338,0.07521413303607513,0.12977614281633135,0.16267224546168887,0.12993676911827648,0.12826113435682643,0.1367307677703415,0.005490434299749089,0.12168899623237488,0.06887360656998441,0.08129824298428492,0.03705017431743246,0.12111245793203004,0.09431789942564044,0.099359890135567,0.03227899583054067,0.10142648208321928,0.16838593506965083,0.11186601186795496,0.09576258368341509,0.10915891112577222,0.10536533438826849,0.13886848491160694,0.028276381648630056,0.13060413429537973,0.13253382569445657,0.1219024145051718,0.13483047706792953,0.09909761811626247,0.05612122842440903,0.13231250676052722,0.14534263419424365,0.14174120685911823,0.14457446334232352
0.12716061717321306,0.12578506231804248,0.11570640450911557,0.11466815199941612,0.08877945292700387,0.2107649983342566,0.16267879963675824,0.10479838518743786,0.14689297693364858,0.04731148264597633,0.0917675200278177,0.17835832830126913,0.12991395267916145,0.15206266555776954,0.08358296181058947,0.1624816058298078,0.07001065381751703,0.09672494755854752,0.12200882952458032,0.037022687645663244,0.1470158790961315,0.14681454900717192,0.06991922515119138,0.11355844032029873,0.09786955721963715,0.07449585410053428,0.10360702751230223,0.08847423533772633,0.0861323904248289,0.1012468775700616,0.10778003902197775,0.0430872151999729,0.10443739955151866,0.05259962377320031,0.0888573371825678,0.1468778719283851,0.04193001659159867,0.0637568929406964,0.09858580798581056,0.051649299776989135
0.12966381517776912,0.0891097873752546,0.12355431199997216,0.15190693203054104,0.10841190123363609,0.16008432870412695,0.09740341628241002,0.06473579175497732,0.13111639013455628,0.14004689299166434,0.0868068322016573,0.16896983856062903,0.18336802592753146,0.14931361959237255,0.0915350249472255,0.0555958142262072,0.12562912034797694,0.10436107439886534,0.14885324301238723,0.09432756911531834,0.14556987984187697,0.051065851015816247,0.13545901165092525,0.0910147780438616,0.12754125844122194,0.11637171128229191,0.15652736590004573,0.07827060994322085,0.11072474441298139,0.10663993634510972,0.06289997930431013,0.10880948711565974,0.09562637510043881,0.11325937592830845,0.09205788471438861,0.16440539667345141,0.09794721879062279,0.08512139070753252,0.113648665435535,0.0980801336049065
0.11108218288563375,0.116332799991218,0.1518525234178839,0.049303194192768324,0.07498551843401166,0.1763990011739416,0.13973297389571224,0.2351072873003835,0.1713556892453046,0.15872130486095806,0.11753337796830252,0.13604012559734766,0.13415111953602313,0.08858901981719802,0.10149437371951807,0.15163134424250485,0.07427683173237704,0.08483015540925323,0.11228618738481443,0.04167464233635974,0.09341635831805371,0.11114050900626374,0.14421122769063527,0.1806406170258676,0.10863318991414735,0.12132598310194277,0.1032474384214896,0.15840939467205828,0.15942855861174557,0.19179848522025983,0.12983036360132297,0.05890788972139022,0.10633004848761363,0.14539865180222206,0.04538021366764472,0.1486452249919364,0.06914809458156726,0.16164422927908245,0.12150773771202052,0.17084077477124798
0.12668318529661735,0.1673907535530844,0.14903127089188783,0.059658241492747864,0.11588202700099394,0.12726233297624145,0.11916506711841629,0.1541896556383126,0.1117117996572149,0.14153102557475639,0.134629545436912,0.10650068750997989,0.11814779601482951,0.13108577609824223,0.13823973739461914,0.09875752742944716,0.0914302179640932,0.12820323519680413,0.14041455409470294,0.15874754353369197,0.11953673471401803,0.08306711577094666,0.1205933247392575,0.05062120860749682,0.16937611073474115,0.20889092493958555,0.08229605676010222,0.09785197439041372,0.0728865075687137,0.1155529198265084,0.13841948364300558,0.16780145501158927,0.024456754428445,0.18278677418844064,0.09512854109781406,0.0826145819347715,0.10235701382838454,0.20681641853900617,0.06844107381248792,0.21398218152786658
0.027795368579793395,0.12201437111670083,0.07765495351218973,0.13040313921484553,0.07738601913898228,0.10053062352565623,0.13024137437366373,0.21057549388997232,0.1340929794833095,0.1525720600763419,0.14999440965069633,0.23434809890382896,0.12093732726106336,0.16121582965409176,0.15158516746051348,0.12105975638897308,0.13688757920867936,0.20836406844199531,0.1681811551239593,0.09476103385601939,0.09671956608618879,0.0493647350930982,0.08609507317745056,0.1294815738674873,0.1622305358245688,0.20367558293345264,0.05297051461272648,0.1086092708292464,0.10175653695193108,0.10351895905012937,0.1322967962077849,0.06823120966285426,0.10494416884954139,0.1493253961164467,0.15395175066999178,0.1599591755419743,0.07136863922782567,0.0991911392458774,0.1060091289727379,0.11092399334025152
0.11557948501973288,0.09009916638941706,0.13578279347907718,0.07317627160680445,0.12753978158460008,0.08211839259268489,0.11200310905172454,0.12986181015199752,0.07958540709641534,0.16250332573821952,0.08083128361159551,0.023106758725166945,0.10029402105371588,0.20193714827635612,0.14146769832900283,0.052397622150732806,0.10659939975627641,0.10733684361462106,0.1064375732218383,0.15095070238747996,0.11833910082782788,0.22018436159036384,0.13430170499777724,0.07521219612169314,0.17515734453745813,0.10249980934910322,0.18422215028579023,0.1478221799534316,0.13769650106886655,0.17321164073632273,0.14293649192767027,0.07954154545411185,0.08215520969318871,0.10920912127872033,0.11588138086404219,0.08315409413168875,0.12975734152853435,0.07367812610718255,0.07379951363328231,0.19052514552970864
0.09462073145985794,0.044877807458386446,0.11610083764575672,0.21335511787266534,0.11911914494217288,0.13181045517343615,0.13607051125321915,0.1962099231352453,0.10731308244433616,0.15035305988333192,0.09457051403254568,0.04648767003102108,0.11145447177716683,0.22326721773645086,0.08810796786218342,0.13816335502747717,0.10063056126321185,0.15306022349525605,0.099006135455311,0.14258141013194242,0.15109660887559523,0.033314581094474396,0.08940831838788038,0.13613636399647416,0.13792546526180652,0.08029783751568899,0.18378981249004459,0.043115704877663474,0.12750185031542538,0.09554870371178263,0.14534557400233836,0.10527124761957574,0.13414398792390073,0.07331282904892278,0.1411087571897122,0.09192467550264859,0.14233531560270363,0.08546914804288044,0.0798383463050987,0.1362825221129472
0.10609591200245921,0.11049624136461589,0.0699580165624247,0.19982831158526593,0.09453442257906236,0.21076866326567067,0.13224928269284902,0.0,0.08656324570875579,0.09545447311086416,0.140829411013317,0.09343055532247635,0.11654409493079167,0.11549249798812503,0.11117832927012448,0.1056363394546051,0.13345489698503546,0.10859462326231302,0.14699043468551434,0.10342241628435316,0.06716131822400559,0.1297852691330938,0.08602397141745088,0.18520063983792362,0.12980282752305874,0.14756216810900075,0.11801780556923173,0.22241159696228752,0.1070606347292043,0.12979907738434837,0.13111737478492191,0.05031649645734636,0.12011619861351329,0.13950723802547202,0.12732861261917627,0.1073094995099459,0.07244899432932342,0.192649871864847,0.14320862135553042,0.13604919861053666
0.09804299198370206,0.14559640323056122,0.1369587679900731,0.11043601645447226,0.1318663433986811,0.08046829396263538,0.09911198597476993,0.022334546393362825,0.09779264423984738,0.08888480163157697,0.05617296061189769,0.1490003086427552,0.17792388053634298,0.12148921004330673,0.08623665095284795,0.12349525745813213,0.10800494322364171,0.10299641426180259,0.17902963156529889,0.03444152986427482,0.1744746763773937,0.09238932755097946,0.14404151192829273,0.18795665845187554,0.08310547608237258,0.09133011912318117,0.0741640671876336,0.14225726859178497,0.11734446636421154,0.06782784242124609,0.06586091618481923,0.09659903191522384,0.10516740866297505,0.13777511270953546,0.07505175932519256,0.1812040408026685,0.1379246978030903,0.23971560130596026,0.1207396921994256,0.2167075897480173
0.1312735349682732,0.07427639217119128,0.07585420894255823,0.09434638030218029,0.08995880838340763,0.10784552363790953,0.03747224927826598,0.09016186647434582,0.13462374982544548,0.06024949095640894,0.1343038904699305,0.12964556318072765,0.05691077941012021,0.09959733096626001,0.12455963801289084,0.12843952735379466,0.1273414853730124,0.18688757753844637,0.10420339850759086,0.08191856480627961,0.11477035040497453,0.18809546927708537,0.06385751478978069,0.006462670927853992,0.127215018392903,0.2172119650335133,0.11606336647681514,0.17507892390383833,0.13002022344930841,0.10838119718762895,0.11993292243550736,0.16985412627721638,0.16250720890176706,0.06049528760351581,0.15026693114510864,0.1346327879593154,0.10955619013596152,0.0695695864474477,0.1168200460738543,0.08754784850526104
0.1450777187052758,0.0,0.08900609705134081,0.1438579864649453,0.11343635861304634,0.24580365993504996,0.12076123771166959,0.0915624591632764,0.06104938091184474,0.11667104297223951,0.13609458242597045,0.15408669408551953,0.13210322021628873,0.05988147252699567,0.14826891050847027,0.054570129934007186,0.09846390207971265,0.1802443019718607,0.11147685278739619,0.08367862365340548,0.15483982035550514,0.11988661173450134,0.143071848316142,0.12316889890482426,0.1343979070435326,0.12075197380905675,0.12470597572105403,0.11088346810715344,0.1410380047716021,0.1632152095612739,0.1497524160680702,0.16555889877478125,0.08986439440471855,0.14798448667335404,0.114642957221377,0.11149565031653509,0.1447270514846891,0.15369548342760128,0.12040230321014257,0.11203360872357274
0.1372440977584759,0.05141345265844505,0.1484686132298371,0.19591344288919443,0.11647794508920795,0.10730023542245007,0.17059747914969425,0.068325641338603,0.06485962462237133,0.12484451483743307,0.12396195955466514,0.14454195436831194,0.06457532146620967,0.0,0.1283297097210614,0.17670319758786468,0.1441372351700666,0.1519439909329748,0.1087016189615322,0.162733692907188,0.15918840829971903,0.11620302342579789,0.12190769612604721,0.16255067654661723,0.07344857798456225,0.07317586128841921,0.11826228218823301,0.11891005148628951,0.09999756182468175,0.14982990756717846,0.1341948249331999,0.0693187992927146,0.151535704508299,0.06626248188049559,0.16846870872442904,0.11833227793542742,0.1773942707425055,0.1276472485711872,0.10396926195079895,0.11599978295339644
0.14750937403927947,0.13916048180250043,0.10021196873184596,0.05961114041907084,0.1220883042538917,0.10369745937417582,0.1550343083896555,0.16492320296928353,0.10564681395962522,0.05317672545040272,0.1313768983692913,0.11892718063118814,0.10803992123593678,0.09296060444554459,0.17261799022618945,0.11178354774441052,0.052533686953505826,0.1312180299667056,0.08599198460685181,0.0,0.11707587900082152,0.13735153051817198,0.12995739959462835,0.1038165393205398,0.1025772099339767,0.14388599928048823,0.08923484535540514,0.14711822977132674,0.15770220793267792,0.21246079756652714,0.13006923938664117,0.2022926348570217,0.1476309058470333,0.19621693104463672,0.20024544829458424,0.1415429614664536,0.11282482340124017,0.07071738813608297,0.13943810703137716,0.07435148158154253
0.05206849432498385,0.1238264169812298,0.18877574026571742,0.17802018630469368,0.10125154985419885,0.08421109409797947,0.11812370563736853,0.12187580385776453,0.10335049074973028,0.0690782651642664,0.1205589196387651,0.05909300992627606,0.15449811109920308,0.0843744789303914,0.1199106521538202,0.1545455399113922,0.09902483745019046,0.22036528651228704,0.12008386294374988,0.02460372914667025,0.18252458764422175,0.15076498673961844,0.18582801138504354,0.12474816687003196,0.12750060420427098,0.18239811353897536,0.14526519972206367,0.04517645700343452,0.14019274953641575,0.14798898853618206,0.14029889735020765,0.07215471446111393,0.09801758155828928,0.14861026631361657,0.12064931784871831,0.08450392510401213,0.06353439955008433,0.15245569890814228,0.16040964183359466,0.07891152230484269
0.11949405741128488,0.11438791050355206,0.15210932078387346,0.11164200593049457,0.11039460558904067,0.1277602639414769,0.1564966929624579,0.12421675390942047,0.09727503766474788,0.11745917245221371,0.14578205192220559,0.1811238189012498,0.13276965666981622,0.1575909793043168,0.1331674624524352,0.04472527862801075,0.13143649032302124,0.0565505043935583,0.1003371575107996,0.17539738581956205,0.10322497835949616,0.1594765985275902,0.14700839800560134,0.19867795511859845,0.1473247303300796,0.13400425936842467,0.08033571363962744,0.03215109797792755,0.13455609599227936,0.14444128257166552,0.13137162695659824,0.14985907933303144,0.14662918684166065,0.09868790173954128,0.12238115894426295,0.11487731851697836,0.11479479356711447,0.17258406707132998,0.11063480129593602,0.055934814907515965
0.16742758928049975,0.1817740438393915,0.13142519170399025,0.057208154167237985,0.1571013813281714,0.1681932795487011,0.06071068764394191,0.20304389526189054,0.09533990978167302,0.12573808823685,0.0863719777449566,0.18160378874260938,0.12269338832868676,0.1783121158322145,0.11126234601578928,0.053535252173125325,0.14447287112046378,0.10701695273877647,0.11080981620190729,0.1814926396323755,0.11689867296679157,0.11918126031016961,0.1410744228124295,0.16608154652177592,0.11264324869736932,0.10571561685637404,0.13993291923443119,0.19002513439623353,0.14665812076201812,0.07376903545969657,0.10061070454946716,0.09192822131699094,0.16889748620127415,0.1766275925726477,0.12882777930855888,0.1635613365476135,0.05249482608584799,0.06609768977904462,0.09329875869250642,0.15698213652807808
0.10171757393500926,0.13122672435449267,0.0636148850398433,0.2262452021035365,0.1416190719472931,0.1520691115171873,0.12480197631088058,0.0,0.12077015128486629,0.04766034141093489,0.06871502871565732,0.03375175035885608,0.1505661068105471,0.09078961033977953,0.13425416950975266,0.09478893436883086,0.16754100591071874,0.1622742526972869,0.1241499657581778,0.10584188167680075,0.15812856124173882,0.07921371600242424,0.07189454648315252,0.05062814377263798,0.11927796222337629,0.11452500785442861,0.17137244052861822,0.06783110214099439,0.1245747314884972,0.09477926104044998,0.08759001422918986,0.199185834258722,0.13373020082229978,0.07991007343720637,0.07315885181359051,0.07441358011146479,0.11705286460025768,0.10830986654331139,0.15575733295265354,0.10627497206812773
0.14757810242405303,0.24062535701319698,0.08738381691087521,0.20274169944505738,0.17674596386648,0.0807199467810937,0.12050048968781817,0.14589578647002283,0.08374922318497734,0.0416621867524848,0.13614518384547017,0.1091033517770461,0.15791577620818598,0.17221570367564862,0.11056012436709048,0.07549450067203531,0.15055163326019716,0.057457972382746345,0.1351186562923793,0.10181010089937367,0.1391362591787046,0.12260080506038146,0.09469707230888764,0.07103152981638902,0.08411383448844229,0.10796472073245018,0.15846460603888235,0.0814579907086974,0.16743724202977614,0.12429763880677562,0.13325893549043866,0.15550229260353524,0.1504919972717482,0.1036440789514883,0.1521772506538685,0.10523945463498509,0.12899804752226268,0.19049357588296095,0.09918396320483269,0.09191351593016467
0.11538746791966809,0.19320902671544565,0.1010448877419195,0.09884408776180341,0.11307248773900538,0.12953577078329798,0.10101881773479435,0.09103557474747381,0.15821218442647972,0.14715367995824905,0.1370058508671078,0.048657678370458715,0.10502806601295228,0.21595363489329844,0.06764537811789939,0.1244670594687236,0.14459691028861926,0.10015912775512084,0.14297922312908753,0.14583751183813626,0.10546018041126828,0.17301329324811454,0.06296701416322673,0.09189013387059497,0.13797411341538965,0.1910037136010589,0.08835306033824344,0.11509609326763043,0.05236582910434333,0.17027009217223096,0.08942198965193435,0.1302773623107041,0.14214392510787227,0.10544406877519928,0.076786558634785,0.05393771142074319,0.0931159825403197,0.21133329037150933,0.09236084713081907,0.1277504231411196
0.11874325038879122,0.1313552773106067,0.1814142472678013,0.08274457739614326,0.07793998602276173,0.1141408243084953,0.1330987173105092,0.010242492583830781,0.10268554139993206,0.04974582500381754,0.1036695861256614,0.14406260498347467,0.15922545352663353,0.10467502997361981,0.1017065066456949,0.041326136448879086,0.13085853191174207,0.12883568877307955,0.14582510933207113,0.10697795715482354,0.11561082583472246,0.06995810054604723,0.09545288153332239,0.12428288613160507,0.0992941750032808,0.12931579503653362,0.07494151805313945,0.10475457798394577,0.10057502141380006,0.11661034790197893,0.14696376007242987,0.12582671113556604,0.10486399283112843,0.08686332643935882,0.10433155908103656,0.006466995997713984,0.14610433414299773,0.0632333379777619,0.21012947335771043,0.2043971390857101
0.07264642151754763,0.11913865787411519,0.12423596664678903,0.15583511853003196,0.13628061473876088,0.08606914591174647,0.1519971671177844,0.18215478549468672,0.07285225044639901,0.07969418847166454,0.09638387141007929,0.021681951044215303,0.10602164726190487,0.06016430583015698,0.10858030647291303,0.009932529339008178,0.15220233725336252,0.0937123760786533,0.1076383456888986,0.1103348110064899,0.09873719169015205,0.17259592684532044,0.12013693110222118,0.16073717606375398,0.10252282418326517,0.16372501767231518,0.14799989230467114,0.026210061229704013,0.1552538402194864,0.10411429529366968,0.11371479603139323,0.07265868951002907,0.1344940067444182,0.10265946032368968,0.1351984347305967,0.14754191050226712,0.13494761178642461,0.19141408850345903,0.15929097683763632,0.14711009894114857
0.12045030339480518,0.08156146881192106,0.12398202520087569,0.11058359714090091,0.09049512641361314,0.07011051759782153,0.0924121944927634,0.09724612606388966,0.14058699800867291,0.14653022141002603,0.07941803802014415,0.10636467612868493,0.1478432268858805,0.17058828474185553,0.14974575666731121,0.08571986578840568,0.10753525640465075,0.11197752124632696,0.14359663963711475,0.06879173447024614,0.07871093795444283,0.08201410988215367,0.1164332571263707,0.12458772971681817,0.16218426886749093,0.18757320639431402,0.15680141065925615,0.15831732387840636,0.10434291154338418,0.1137334906260716,0.13041738678945816,0.14390170551076298,0.1270680779666599,0.1241339773719746,0.14498843443056816,0.2009647130980363,0.09323194303357528,0.0865280024788797,0.14366601420061584,0.09262963306763188
0.15453708051260837,0.12480569414827088,0.13229025073459302,0.1564183431682707,0.10503689420913735,0.12678863833787185,0.09364985102198356,0.06861757138485534,0.12171745320330572,0.1385019276607636,0.10326159484897521,0.18934454027540548,0.11675892961012198,0.1260622268545688,0.15259344356852622,0.12932483419346236,0.07534640909067375,0.0979203358393118,0.1301640846757098,0.13219332157776997,0.11189644189515231,0.15428053718920717,0.12561367398643436,0.04424648209503347,0.1370574763447036,0.12463257098501464,0.10263690066151032,0.10678987300936517,0.07637750737483383,0.11567020144085133,0.13353374841909196,0.13158574508115084,0.11552250734825924,0.15389462887180766,0.16441656908585434,0.11987284370685604,0.1684340226781301,0.10944930394989782,0.09702953066796785,0.14074221122490327
0.1372991699902907,0.169934411089225,0.1858152218354645,0.02985369198171163,0.07135331757906857,0.12796984016486848,0.058922851434262534,0.04375643329268393,0.11475979932310833,0.09901886589793105,0.08002410585304531,0.13511443373066198,0.041064467789438855,0.17887416058585412,0.1041463835441464,0.0,0.11700920679864438,0.08529148738579857,0.15782020322477,0.13578225161505306,0.17010424144724573,0.12226167769961252,0.11638800723278701,0.137986998911653,0.14907629438498826,0.01965858164622944,0.14766887635179887,0.004767149804907306,0.08916116450466025,0.10714839334027568,0.08710025067458418,0.1637164922050487,0.1317967671332918,0.15584061440135993,0.14949506187411837,0.1440008356338217,0.08436076235276099,0.05271425936565058,0.1731972910701602,0.15907766156206316
0.12908011756924037,0.05018877772870228,0.06657922039990108,0.04855505216098556,0.09576879926521722,0.07047540114966463,0.08238282720899287,0.06553789647329405,0.06628707377171586,0.11345899897149349,0.12936656355851991,0.18529857140054018,0.11529996969386858,0.15566857577374854,0.1363410415561688,0.11074284220539946,0.15712227378464255,0.06823856472526446,0.17784293926018857,0.15631810748451772,0.15189815077755736,0.11671247644228207,0.11749393731420071,0.07756735383396501,0.09194892427985357,0.1119490793149035,0.10667711782520302,0.14417015645031633,0.1133684710452775,0.06322936055722488,0.11795383126911231,0.20677820748597975,0.11019244609000688,0.09887444772381283,0.08029546788735997,0.1310036387509659,0.18357351772979869,0.13326973967279226,0.14317180298874335,0.1499898038969499
0.15563839664798146,0.1819200278352337,0.10628737454370571,0.10663705442202714,0.08647249874553911,0.07235372741899215,0.11849914366912698,0.15913817473413205,0.10778898088086905,0.16966177238127175,0.14414259036362115,0.14823946282624223,0.10429215021413435,0.05921582180496107,0.1224106564495276,0.11112221962845073,0.11537200125003035,0.18499602231492612,0.17765307467642033,0.04494569937520547,0.10777122188493861,0.061782333430537094,0.12669124553581199,0.20896989465274718,0.09841509443291696,0.07957749993935853,0.1259146132226666,0.20114196750002905,0.048119164271096485,0.16842371109122034,0.12388076683999097,0.13613318856396867,0.13534820268420117,0.0863109485303952,0.09767466849182274,0.13052324370877483,0.14442802585886003,0.21360191746614765,0.132944250931136,0.12429989408919974
0.08921742793361663,0.09650339885502815,0.12346642692482393,0.14903645097257856,0.0995007026836863,0.1106623053467741,0.06039719337612728,0.18498841745406228,0.10019810574248843,0.10685459898365376,0.08422021620373182,0.10703659063837237,0.09051744104192648,0.10704910041112935,0.11152473449524493,0.22899718473709552,0.14140930711127017,0.15465071428849037,0.09669116042205597,0.18186114721942762,0.10621219596387364,0.13425338918206212,0.13779049321301684,0.00803399172443639,0.15946743897854526,0.0773575598838255,0.12936902335786926,0.08188810151944283,0.11534065310949151,0.18276674373565144,0.13767357067757632,0.13004171333815406,0.11235350392585382,0.17083187787485443,0.03903336552942707,0.18224665609580257,0.11153949246501534,0.19401030726327456,0.14116828081822078,0.1729582304018754
